"tune.args","fold","auc.val","auc.diff","cbi.val","or.mtp","or.10p"
"fc.L_rm.0.5",1,0.402998246120374,0.137879882468359,-0.528,0,0.419354838709677
"fc.L_rm.0.5",2,0.486633022774327,0.0851518906417687,-0.335,0,0
"fc.L_rm.0.5",3,0.450478723404255,0.122082028575533,0.003,0,0.7
"fc.L_rm.0.5",4,0.366409004610795,0.190435020829501,-0.26,0.1,0.3
"fc.LQ_rm.0.5",1,0.423856093066625,0.147036036497457,0.175,0,0.0967741935483871
"fc.LQ_rm.0.5",2,0.454291752933057,0.185426700902658,-0.168,0,0.2
"fc.LQ_rm.0.5",3,0.48927304964539,0.146227975905079,-0.065,0,0.4
"fc.LQ_rm.0.5",4,0.4259967453214,0.216966629251631,-0.554,0,0.333333333333333
"fc.H_rm.0.5",1,0.663704682192572,0.0469486442189313,0.705,0.129032258064516,0.129032258064516
"fc.H_rm.0.5",2,0.44933143547274,0.31590218449393,0.13,0,0.6
"fc.H_rm.0.5",3,0.530939716312057,0.190688531830406,0.369,0,0.133333333333333
"fc.H_rm.0.5",4,0.566463249254136,0.14839196760314,0.391,0,0.0666666666666667
"fc.LQH_rm.0.5",1,0.663371667073685,0.0456267125887183,0.79,0.129032258064516,0.193548387096774
"fc.LQH_rm.0.5",2,0.44320652173913,0.319732471792723,-0.041,0,0.533333333333333
"fc.LQH_rm.0.5",3,0.522695035460993,0.195159730292413,0.276,0,0.166666666666667
"fc.LQH_rm.0.5",4,0.557784106319501,0.153540948902134,0.272,0,0.0333333333333333
"fc.L_rm.1",1,0.40252092444997,0.138649808792121,-0.563,0,0.419354838709677
"fc.L_rm.1",2,0.486727915804003,0.0855807123513336,-0.33,0,0
"fc.L_rm.1",3,0.451099290780142,0.121384035535076,-0.021,0,0.7
"fc.L_rm.1",4,0.367575264442636,0.189145557350832,-0.245,0.1,0.3
"fc.LQ_rm.1",1,0.409358834891104,0.162104345690015,0.138,0,0.193548387096774
"fc.LQ_rm.1",2,0.456862491373361,0.180744906142323,-0.144,0,0.2
"fc.LQ_rm.1",3,0.48290780141844,0.147082418497615,-0.199,0,0.366666666666667
"fc.LQ_rm.1",4,0.428085164090046,0.212580085315622,-0.461,0,0.4
"fc.H_rm.1",1,0.609001398663499,0.0775317081371991,0.719,0.0967741935483871,0.258064516129032
"fc.H_rm.1",2,0.441739993098689,0.287800037784283,-0.258,0,0.4
"fc.H_rm.1",3,0.513475177304965,0.17924477270794,0.08,0,0.2
"fc.H_rm.1",4,0.454312449145647,0.230792858542889,-0.11,0,0.2
"fc.LQH_rm.1",1,0.619968696578825,0.0627566168699774,0.632,0.129032258064516,0.290322580645161
"fc.LQH_rm.1",2,0.429050207039337,0.300324250798926,-0.294,0,0.5
"fc.LQH_rm.1",3,0.507925531914894,0.187489374563054,0.193,0,0.233333333333333
"fc.LQH_rm.1",4,0.451735828586927,0.228130809751282,-0.319,0,0.366666666666667
"fc.L_rm.1.5",1,0.401233265990276,0.139869822090017,-0.625,0,0.419354838709677
"fc.L_rm.1.5",2,0.487081608005521,0.085916307933764,-0.293,0,0
"fc.L_rm.1.5",3,0.451595744680851,0.120636287810761,-0.004,0,0.7
"fc.L_rm.1.5",4,0.368877135882832,0.187634994019071,-0.262,0.0666666666666667,0.266666666666667
"fc.LQ_rm.1.5",1,0.40922562884355,0.163187730289334,0.057,0,0.225806451612903
"fc.LQ_rm.1.5",2,0.463073671497585,0.172334484054692,-0.161,0,0.2
"fc.LQ_rm.1.5",3,0.474397163120567,0.150988267271043,-0.219,0,0.333333333333333
"fc.LQ_rm.1.5",4,0.430580417683754,0.206500611343277,-0.448,0,0.433333333333333
"fc.H_rm.1.5",1,0.51406988877295,0.140540207660734,-0.19,0.161290322580645,0.387096774193548
"fc.H_rm.1.5",2,0.446855590062112,0.254555020290523,-0.245,0,0.366666666666667
"fc.H_rm.1.5",3,0.507198581560284,0.155182733046,0.112,0,0.2
"fc.H_rm.1.5",4,0.457323026851098,0.205691112653145,-0.033,0,0.233333333333333
"fc.LQH_rm.1.5",1,0.504723264436205,0.151958661720448,-0.011,0.0645161290322581,0.354838709677419
"fc.LQH_rm.1.5",2,0.434579882677709,0.243886263033769,-0.108,0,0.466666666666667
"fc.LQH_rm.1.5",3,0.495531914893617,0.175416481580119,-0.062,0,0.366666666666667
"fc.LQH_rm.1.5",4,0.440588554380255,0.217365435343555,-0.319,0,0.466666666666667
"fc.L_rm.2",1,0.400178718113802,0.140759189920241,-0.641,0,0.419354838709677
"fc.L_rm.2",2,0.487426673567978,0.0860841588685015,-0.312,0,0
"fc.L_rm.2",3,0.451968085106383,0.120282964215124,-0.001,0,0.7
"fc.L_rm.2",4,0.370423108218063,0.185566034774855,-0.306,0.0666666666666667,0.266666666666667
"fc.LQ_rm.2",1,0.40683902049153,0.166387653726224,0.003,0,0.225806451612903
"fc.LQ_rm.2",2,0.466610593512767,0.165743459247443,-0.308,0,0.166666666666667
"fc.LQ_rm.2",3,0.466400709219858,0.154677409200658,-0.239,0,0.433333333333333
"fc.LQ_rm.2",4,0.430580417683754,0.20310496797509,-0.5,0,0.433333333333333
"fc.H_rm.2",1,0.532929645005883,0.115161345602451,0.028,0.258064516129032,0.354838709677419
"fc.H_rm.2",2,0.449529848171153,0.240556105835535,-0.197,0,0.333333333333333
"fc.H_rm.2",3,0.493581560283688,0.146626130665659,0.082,0,0.5
"fc.H_rm.2",4,0.466490371575807,0.179648639853217,-0.122,0,0.3
"fc.LQH_rm.2",1,0.501526319294896,0.123345076240523,-0.068,0.032258064516129,0.258064516129032
"fc.LQH_rm.2",2,0.43288906142167,0.233227494802976,-0.163,0,0.333333333333333
"fc.LQH_rm.2",3,0.481028368794326,0.174106175277177,-0.282,0,0.466666666666667
"fc.LQH_rm.2",4,0.435679414157852,0.209589628662958,-0.378,0,0.466666666666667
"fc.L_rm.2.5",1,0.39885775814222,0.141921262418763,-0.665,0,0.419354838709677
"fc.L_rm.2.5",2,0.487659592822636,0.0866737057163615,-0.307,0,0
"fc.L_rm.2.5",3,0.452890070921986,0.119616347258104,0.013,0,0.7
"fc.L_rm.2.5",4,0.372647138595064,0.182690785121764,-0.304,0.0333333333333333,0.266666666666667
"fc.LQ_rm.2.5",1,0.403209155695669,0.170942526781088,-0.074,0,0.32258064516129
"fc.LQ_rm.2.5",2,0.471122325741891,0.153403001534828,-0.327,0,0.0333333333333333
"fc.LQ_rm.2.5",3,0.458457446808511,0.155915880729217,-0.253,0,0.533333333333333
"fc.LQ_rm.2.5",4,0.4271087605099,0.203853573118033,-0.476,0.0333333333333333,0.433333333333333
"fc.H_rm.2.5",1,0.523499766889417,0.076004692971832,0.651,0.193548387096774,0.32258064516129
"fc.H_rm.2.5",2,0.456707211870255,0.219455308871368,-0.293,0,0.266666666666667
"fc.H_rm.2.5",3,0.482836879432624,0.144152077222587,-0.194,0,0.566666666666667
"fc.H_rm.2.5",4,0.477854624355845,0.154631411516531,-0.18,0,0.266666666666667
"fc.LQH_rm.2.5",1,0.484942166374353,0.120699125490923,-0.101,0,0.258064516129032
"fc.LQH_rm.2.5",2,0.436175810904072,0.225518865202658,-0.206,0,0.2
"fc.LQH_rm.2.5",3,0.472960992907801,0.172239974233833,-0.334,0,0.533333333333333
"fc.LQH_rm.2.5",4,0.435516680227828,0.201280226103457,-0.355,0,0.433333333333333
"fc.L_rm.3",1,0.397359190107231,0.142889681162453,-0.672,0,0.419354838709677
"fc.L_rm.3",2,0.489298654244306,0.0858103180150098,-0.208,0,0
"fc.L_rm.3",3,0.453439716312057,0.119165861052482,0.045,0,0.7
"fc.L_rm.3",4,0.374654190398698,0.179916853475629,-0.282,0,0.266666666666667
"fc.LQ_rm.3",1,0.400489532224763,0.173561469080946,-0.09,0,0.387096774193548
"fc.LQ_rm.3",2,0.473900103519669,0.138982919124245,-0.252,0,0
"fc.LQ_rm.3",3,0.458315602836879,0.154175058541297,-0.224,0,0.533333333333333
"fc.LQ_rm.3",4,0.423745592622728,0.20350428825946,-0.484,0.1,0.466666666666667
"fc.H_rm.3",1,0.508836001154452,0.0835814481510049,0.389,0.193548387096774,0.32258064516129
"fc.H_rm.3",2,0.465515010351967,0.190861531547012,-0.549,0,0.0333333333333333
"fc.H_rm.3",3,0.476179078014184,0.144071129133427,-0.358,0,0.566666666666667
"fc.H_rm.3",4,0.47731217792243,0.151960505691862,-0.173,0,0.266666666666667
"fc.LQH_rm.3",1,0.461653309060231,0.13797542912153,0.051,0,0.225806451612903
"fc.LQH_rm.3",2,0.441360420979986,0.212365152496652,-0.109,0,0.166666666666667
"fc.LQH_rm.3",3,0.470443262411348,0.164966754024627,-0.32,0,0.533333333333333
"fc.LQH_rm.3",4,0.432831570382425,0.199900872783607,-0.354,0,0.5
"fc.L_rm.3.5",1,0.3964711497902,0.142188846748884,-0.667,0,0.419354838709677
"fc.L_rm.3.5",2,0.491886645962733,0.0838684211123473,-0.149,0,0
"fc.L_rm.3.5",3,0.454219858156028,0.118532420467697,0.042,0,0.733333333333333
"fc.L_rm.3.5",4,0.377773257390833,0.175955475836814,-0.295,0,0.266666666666667
"fc.LQ_rm.3.5",1,0.398846657638257,0.173642212372913,-0.252,0,0.387096774193548
"fc.LQ_rm.3.5",2,0.478739648033126,0.122929400245814,-0.067,0,0
"fc.LQ_rm.3.5",3,0.45959219858156,0.151991088341652,-0.26,0,0.533333333333333
"fc.LQ_rm.3.5",4,0.421901274749119,0.200568807508173,-0.59,0.133333333333333,0.533333333333333
"fc.H_rm.3.5",1,0.495865062273827,0.0766009971595266,0.539,0.193548387096774,0.32258064516129
"fc.H_rm.3.5",2,0.506819358178054,0.133025975001705,0.306,0,0
"fc.H_rm.3.5",3,0.486817375886525,0.137403952846547,-0.359,0,0.6
"fc.H_rm.3.5",4,0.477474911852455,0.147634619961116,-0.199,0,0.266666666666667
"fc.LQH_rm.3.5",1,0.438342250738184,0.159994936796229,-0.007,0,0.193548387096774
"fc.LQH_rm.3.5",2,0.453446342305038,0.188620729175725,0.029,0,0.0333333333333333
"fc.LQH_rm.3.5",3,0.462872340425532,0.156945233841981,-0.285,0,0.566666666666667
"fc.LQH_rm.3.5",4,0.432343368592352,0.197512646574269,-0.481,0.133333333333333,0.5
"fc.L_rm.4",1,0.395749617032613,0.140195134174774,-0.62,0,0.419354838709677
"fc.L_rm.4",2,0.494957729468599,0.0815982072249072,-0.132,0,0
"fc.L_rm.4",3,0.455088652482269,0.117637817586599,0.013,0,0.733333333333333
"fc.L_rm.4",4,0.381597504746406,0.171702530077482,-0.262,0,0.266666666666667
"fc.LQ_rm.4",1,0.397825411273672,0.169328929815258,-0.341,0,0.419354838709677
"fc.LQ_rm.4",2,0.490299344375431,0.097987082594258,-0.008,0,0
"fc.LQ_rm.4",3,0.460390070921986,0.150105181662265,-0.232,0,0.566666666666667
"fc.LQ_rm.4",4,0.415283428261459,0.199056470485258,-0.669,0.133333333333333,0.533333333333333
"fc.H_rm.4",1,0.501659525342451,0.0557775095970622,0.511,0.193548387096774,0.32258064516129
"fc.H_rm.4",2,0.514665286404417,0.0348761482500214,0.428,0,0.0333333333333333
"fc.H_rm.4",3,0.513608156028369,0.106887232390382,-0.186,0,0.633333333333333
"fc.H_rm.4",4,0.47769189042582,0.14764896252057,-0.223,0,0.266666666666667
"fc.LQH_rm.4",1,0.407227538130231,0.189407508356153,-0.177,0,0.225806451612903
"fc.LQH_rm.4",2,0.466136128364389,0.166437488650761,0.076,0,0
"fc.LQH_rm.4",3,0.460478723404255,0.152593309630695,-0.231,0,0.6
"fc.LQH_rm.4",4,0.433536750745864,0.191335802624573,-0.601,0.133333333333333,0.5
"fc.L_rm.4.5",1,0.395849521568279,0.138098910794425,-0.547,0,0.451612903225806
"fc.L_rm.4.5",2,0.497252415458937,0.0798866263050635,-0.037,0,0
"fc.L_rm.4.5",3,0.455815602836879,0.116838874947388,0.048,0,0.733333333333333
"fc.L_rm.4.5",4,0.386316788717114,0.16734405678677,-0.209,0,0.266666666666667
"fc.LQ_rm.4.5",1,0.393529516240037,0.154824189299,-0.608,0,0.451612903225806
"fc.LQ_rm.4.5",2,0.49381038647343,0.0868380839555842,0.014,0,0
"fc.LQ_rm.4.5",3,0.461117021276596,0.148449123332812,-0.164,0,0.6
"fc.LQ_rm.4.5",4,0.411594792514239,0.186540055134394,-0.574,0.233333333333333,0.5
"fc.H_rm.4.5",1,0.501659525342451,0.0557775095970622,0.529,0.193548387096774,0.32258064516129
"fc.H_rm.4.5",2,0.514665286404417,0.0348761482500214,0.527,0,0.0333333333333333
"fc.H_rm.4.5",3,0.517969858156028,0.0719349218600001,-0.096,0,0.6
"fc.H_rm.4.5",4,0.478478437754272,0.147414317242705,-0.162,0,0.266666666666667
"fc.LQH_rm.4.5",1,0.396060431143574,0.188698956589055,-0.48,0,0.387096774193548
"fc.LQH_rm.4.5",2,0.484079537612146,0.133903854691587,-0.087,0,0
"fc.LQH_rm.4.5",3,0.461117021276596,0.148449123332812,-0.164,0,0.6
"fc.LQH_rm.4.5",4,0.437225386493084,0.181421611172333,-0.574,0.233333333333333,0.466666666666667
"fc.L_rm.5",1,0.396759762893235,0.137512736988779,-0.467,0,0.516129032258065
"fc.L_rm.5",2,0.496993616287095,0.080739328789447,0.016,0,0
"fc.L_rm.5",3,0.456737588652482,0.116040498526099,0.021,0,0.733333333333333
"fc.L_rm.5",4,0.392500678058042,0.160697525180203,-0.173,0,0.3
"fc.LQ_rm.5",1,0.385892369513576,0.157262097426818,-0.676,0,0.32258064516129
"fc.LQ_rm.5",2,0.49684696342305,0.0841794454775806,0.096,0,0
"fc.LQ_rm.5",3,0.460921985815603,0.14830457254569,0.019,0,0.633333333333333
"fc.LQ_rm.5",4,0.417426091673447,0.153546123389833,-0.515,0.133333333333333,0.433333333333333
"fc.H_rm.5",1,0.501659525342451,0.0557775095970622,0.528,0.193548387096774,0.32258064516129
"fc.H_rm.5",2,0.516959972394755,0.027103154128247,0.662,0,0.0333333333333333
"fc.H_rm.5",3,0.485904255319149,0.0468175963767448,0.08,0,0.333333333333333
"fc.H_rm.5",4,0.481217792243016,0.14440844057919,-0.351,0,0.266666666666667
"fc.LQH_rm.5",1,0.387213329485159,0.158149830645098,-0.665,0,0.32258064516129
"fc.LQH_rm.5",2,0.489134748102139,0.115386835784004,-0.017,0,0
"fc.LQH_rm.5",3,0.460921985815603,0.14830457254569,0.019,0,0.633333333333333
"fc.LQH_rm.5",4,0.438581502576621,0.175968345241732,-0.503,0.266666666666667,0.533333333333333
