"fc","rm","tune.args","auc.train","cbi.train","auc.diff.avg","auc.diff.sd","auc.val.avg","auc.val.sd","cbi.val.avg","cbi.val.sd","or.10p.avg","or.10p.sd","or.mtp.avg","or.mtp.sd","AICc","delta.AICc","w.AIC","ncoef"
"L",0.5,"fc.L_rm.0.5",0.534452479338843,0.628,0.13388720562879,0.0436962622522871,0.426629749227438,0.0527704223560619,-0.28,0.219862077979203,0.354838709677419,0.289951973728453,0.025,0.05,2238.18124775195,14.9435898446859,0.000136782275463748,4
"LQ",0.5,"fc.LQ_rm.0.5",0.60835826446281,0.928,0.173914335639206,0.0340343552866336,0.448354410241618,0.0306029400220678,-0.153,0.303509472669306,0.25752688172043,0.13564165586016,0,0,2224.44723952216,1.20958161489307,0.131320285588683,6
"H",0.5,"fc.H_rm.0.5",0.724107851239669,0.922,0.175482832036602,0.111360915083128,0.552609770807876,0.0888256794928189,0.39875,0.235910117064388,0.232258064516129,0.247046764609683,0.032258064516129,0.0645161290322581,2224.00436578997,0.766707882704395,0.163870442928286,28
"LQH",0.5,"fc.LQH_rm.0.5",0.721447520661157,0.94,0.178514965893997,0.113287865701161,0.546764332648327,0.0913277196345635,0.32425,0.344184422463694,0.231720430107527,0.212929472333155,0.032258064516129,0.0645161290322581,2225.32884537795,2.09118747068351,0.0845071663370634,28
"L",1,"fc.L_rm.1",0.533130165289256,0.625,0.13369002850734,0.0430730343479407,0.426980848869188,0.05253164954317,-0.28975,0.22399014115209,0.354838709677419,0.289951973728453,0.025,0.05,2236.0720232592,12.8343653519391,0.000392683002843183,3
"LQ",1,"fc.LQ_rm.1",0.606735950413223,0.923,0.175627938911394,0.0282216157512448,0.444303572943238,0.0323119399580692,-0.1665,0.245637266445193,0.29005376344086,0.108598158129533,0,0,2225.35684780633,2.11918989906462,0.0833322080163499,6
"H",1,"fc.H_rm.1",0.697571487603306,0.92,0.193842344293078,0.0893208483477426,0.5046322545532,0.0762859421130497,0.10775,0.430342789723107,0.264516129032258,0.0943789602472761,0.0241935483870968,0.0483870967741935,2238.13468125182,14.8970233445548,0.000140004376318167,23
"LQH",1,"fc.LQH_rm.1",0.68810867768595,0.94,0.19467526299581,0.0995576021218726,0.502170066029996,0.0852442937132437,0.053,0.452266145833033,0.34758064516129,0.115364451714844,0.032258064516129,0.0645161290322581,2227.04461923105,3.80696132378944,0.0358358723596134,19
"L",1.5,"fc.L_rm.1.5",0.532361570247934,0.626,0.133514352963403,0.0424297624662021,0.42719693863987,0.0524620086422353,-0.296,0.254735156584245,0.346505376344086,0.292521046831907,0.0166666666666667,0.0333333333333333,2236.09939134332,12.8617334360606,0.000387346110524062,3
"LQ",1.5,"fc.LQ_rm.1.5",0.605960743801653,0.916,0.173252773239586,0.023827682145004,0.444319220286364,0.0298704254108772,-0.19275,0.207544975045571,0.298118279569892,0.107050467886334,0,0,2226.66619746361,3.42853955635201,0.0433003317505869,6
"H",1.5,"fc.H_rm.1.5",0.665178925619835,0.767,0.1889922684126,0.051858823439488,0.481361771811611,0.0341852770031769,-0.089,0.161321624919496,0.296774193548387,0.0938671288839669,0.0403225806451613,0.0806451612903226,2233.96659156973,10.7289336624713,0.00112520275220012,15
"LQH",1.5,"fc.LQH_rm.1.5",0.653773966942149,0.778,0.197156710419473,0.041261543058787,0.468855904096947,0.0363866541196454,-0.125,0.135265171669084,0.413709677419355,0.061339821551282,0.0161290322580645,0.032258064516129,2228.07764265559,4.83998474832742,0.0213796107821578,13
"L",2,"fc.L_rm.2",0.531476446280992,0.602,0.13317308694468,0.0415776075631975,0.427499146251557,0.0522625340952535,-0.315,0.261382223318011,0.346505376344086,0.292521046831907,0.0166666666666667,0.0333333333333333,2236.13725315741,12.8995952501446,0.000380082269792338,3
"LQ",2,"fc.LQ_rm.2",0.605020247933884,0.915,0.172478372537354,0.0211133335160511,0.442607685226977,0.0292477927281983,-0.261,0.207773915590962,0.314784946236559,0.139000764284146,0,0,2226.07297898119,2.83532107392648,0.0582514822147137,5
"H",2,"fc.H_rm.2",0.641656611570248,0.642,0.170498055489216,0.0536155570346381,0.485632856259133,0.0363777864191728,-0.05225,0.129461384203939,0.372043010752688,0.088237583823349,0.0645161290322581,0.129032258064516,2233.85471734362,10.6170594363552,0.00118993699060939,11
"LQH",2,"fc.LQH_rm.2",0.647448347107438,0.841,0.185067093745909,0.0477860793095954,0.462780790917186,0.0339715085629841,-0.22275,0.135561486664416,0.381182795698925,0.103380633589639,0.00806451612903226,0.0161290322580645,2223.23765790726,0,0.240430261574273,9
"L",2.5,"fc.L_rm.2.5",0.530501239669422,0.611,0.132725525128748,0.0403059524392776,0.428013640120476,0.051935830368716,-0.31575,0.277047980200783,0.346505376344086,0.292521046831907,0.00833333333333333,0.0166666666666667,2236.18353117683,12.9458732695703,0.000371388512816457,3
"LQ",2.5,"fc.LQ_rm.2.5",0.601330165289256,0.904,0.171028745540792,0.0232130873555329,0.439974422188992,0.0307084362219482,-0.2825,0.167097775768161,0.330645161290323,0.216091581840658,0.00833333333333333,0.0166666666666667,2227.95543422799,4.7177763207319,0.0227267334018912,5
"H",2.5,"fc.H_rm.2.5",0.622528512396694,0.699,0.14856087264558,0.0587273622084489,0.485224620637035,0.0279180203253312,-0.00399999999999999,0.439553561393072,0.355645161290323,0.143128942995619,0.0483870967741935,0.0967741935483871,2233.02569459736,9.78803669009903,0.00180112546849247,8
"LQH",2.5,"fc.LQH_rm.2.5",0.643730165289256,0.755,0.179934547757718,0.0450984467352659,0.457398912603514,0.0253644193781391,-0.249,0.118622651012921,0.356182795698925,0.15422362648605,0,0,2226.82700985205,3.58935194478363,0.0399550112518582,9
"L",3,"fc.L_rm.3",0.530101239669421,0.613,0.131945678426394,0.0396350015511966,0.428687937765573,0.0522412537420601,-0.27925,0.296914549997133,0.346505376344086,0.292521046831907,0,0,2236.24235731103,13.0046994037675,0.000360623923416068,3
"LQ",3,"fc.LQ_rm.3",0.59535,0.885,0.167555933751487,0.0278317302893869,0.43911270780101,0.0332004618398668,-0.2625,0.163718253920162,0.346774193548387,0.238786354697204,0.025,0.05,2230.07392802776,6.83627012049828,0.00787974083667669,5
"H",3,"fc.H_rm.3",0.601047933884298,0.692,0.142618653630826,0.0443551830324206,0.481960566860758,0.0186884851389258,-0.17275,0.404740554759054,0.297311827956989,0.218947721152411,0.0483870967741935,0.0967741935483871,2233.1813410205,9.94368311324024,0.00166627153758777,6
"LQH",3,"fc.LQH_rm.3",0.637744214876033,0.899,0.178802052106604,0.0338125743825939,0.451572140708497,0.0174474199202434,-0.183,0.18994911599338,0.356451612903226,0.187064842988546,0,0,2228.71694104817,5.47928314090359,0.0155302308896286,8
"L",3.5,"fc.L_rm.3.5",0.530348347107438,0.594,0.130136291041435,0.0388159219670712,0.430087727824949,0.0524987115171572,-0.26725,0.300104842791093,0.354838709677419,0.306107459397276,0,0,2236.31198019641,13.0743222891524,0.000348286079376928,3
"LQ",3.5,"fc.LQ_rm.3.5",0.586073966942149,0.865,0.162282877117138,0.0329113152852801,0.439769944750515,0.036081224649247,-0.29225,0.217602657765632,0.363440860215054,0.251909882024311,0.0333333333333333,0.0666666666666667,2234.626611574,11.3889536667416,0.000808926872443203,6
"H",3.5,"fc.H_rm.3.5",0.567138842975207,0.418,0.123666386242223,0.0319684725683702,0.491744177047715,0.0125449602105638,0.07175,0.421128147559228,0.297311827956989,0.246029870524753,0.0483870967741935,0.0967741935483871,2227.98250853865,4.74485063139264,0.0224211511057808,2
"LQH",3.5,"fc.LQH_rm.3.5",0.62863347107438,0.907,0.175768386597051,0.020339684936729,0.446751075515276,0.0139404941639033,-0.186,0.241586423459598,0.323387096774194,0.252564409560425,0.0333333333333333,0.0666666666666667,2232.80373125583,9.56607334857108,0.00201253153659573,8
"L",4,"fc.L_rm.4",0.529943388429752,0.583,0.12778342226594,0.0379427024435777,0.431848375932472,0.0527610064565604,-0.25025,0.270885430886688,0.354838709677419,0.306107459397276,0,0,2236.39244925633,13.1547913490722,0.000334551115407848,3
"LQ",4,"fc.LQ_rm.4",0.570232644628099,0.772,0.15411941613926,0.0424955727388128,0.440949563708137,0.0421575505479148,-0.3125,0.275139358628799,0.379838709677419,0.260962484422025,0.0333333333333333,0.0666666666666667,2237.19237074061,13.9547128333488,0.000224265123077831,6
"H",4,"fc.H_rm.4",0.562765289256198,0.376,0.0862974631895087,0.0508709617997846,0.501906214550264,0.0171864646093497,0.1325,0.390898537560153,0.313978494623656,0.247023363012124,0.0483870967741935,0.0967741935483871,2229.49189832249,6.25424041522592,0.0105413947883498,2
"LQH",4,"fc.LQH_rm.4",0.62029132231405,0.885,0.174943527315545,0.0187064905106672,0.441844785161185,0.0271088560985192,-0.23325,0.279311504715911,0.331451612903226,0.271752256541021,0.0333333333333333,0.0666666666666667,2234.22827700451,10.9906190972451,0.000987203111698705,7
"L",4.5,"fc.L_rm.4.5",0.527317768595041,0.553,0.125542117208412,0.0368114361449184,0.433808582145302,0.0522997440024442,-0.18625,0.263189887090417,0.362903225806452,0.308786926561568,0,0,2236.4838215302,13.2461636229368,0.000319610651951109,3
"LQ",4.5,"fc.LQ_rm.4.5",0.556031818181818,0.703,0.144162862930448,0.0416892976345282,0.440012929126076,0.0458542883656515,-0.333,0.306961452520236,0.387903225806452,0.265881279268171,0.0583333333333333,0.116666666666667,2239.78352456552,16.5458666582585,6.1390311201735e-05,6
"H",4.5,"fc.H_rm.4.5",0.555944628099174,0.373,0.0775007242374471,0.0490157837688693,0.503193276914292,0.0179176823605895,0.1995,0.380275777123217,0.305645161290323,0.232812253668163,0.0483870967741935,0.0967741935483871,2233.32631291151,10.0886550042433,0.00154976386274614,3
"LQH",4.5,"fc.LQH_rm.4.5",0.606747520661157,0.831,0.163118386446447,0.0261919182836992,0.44462059413135,0.0376028316956384,-0.32625,0.237054670206403,0.363440860215054,0.257723789403433,0.0583333333333333,0.116666666666667,2235.39141885479,12.1537609475267,0.000551865788561282,6
"L",5,"fc.L_rm.5",0.524348347107438,0.498,0.123747522371132,0.0339798311393087,0.435747911472713,0.0502725963589169,-0.15075,0.229356164076748,0.387365591397849,0.313027448275388,0,0,2236.58616181897,13.3485039117113,0.000303667513705356,3
"LQ",5,"fc.LQ_rm.5",0.554564049586777,0.682,0.13582305970998,0.0346246077141532,0.440271852606419,0.0486697309749515,-0.269,0.383985242771993,0.347311827956989,0.264855393354098,0.0333333333333333,0.0666666666666667,2238.84237655698,15.6047186497203,9.82805387036862e-05,5
"H",5,"fc.H_rm.5",0.526334710743802,0.41,0.068526675170311,0.051986458948364,0.496435386324843,0.0162381254225445,0.22975,0.46024947944928,0.238978494623656,0.140176938659268,0.0483870967741935,0.0967741935483871,2231.92533459378,8.68767668651299,0.00312236813510486,2
"LQH",5,"fc.LQH_rm.5",0.590459917355372,0.729,0.149452396054131,0.0254330547720073,0.44396289149488,0.0431183628496829,-0.2915,0.344477865762084,0.372311827956989,0.279969902692849,0.0666666666666667,0.133333333333333,2240.45336582302,17.2157079157532,4.39183134488558e-05,7
