longitude,latitude,group
-100.020631,25.478992,3
-100.24706,25.67147,3
-100.429966,25.773764,3
-100.712006,20.048658,3
-100.986999,22.157183,3
-101.221455,19.712302,3
-102.752198,20.820677,3
-102.884011,21.172719,3
-102.928156,20.409315,3
-103.309643,20.583953,3
-103.391947,20.705799,3
-104.031,19.807,3
-105.3189,20.7364,3
-105.484072,28.229281,3
-106.426017,23.180126,3
-106.429243,23.307478,3
-107.421337,24.850599,3
-109.21715,10.3034,3
-109.70244,23.06369,3
-110.945463,29.148639,3
-112.1,27.081944,3
-149.827067,-17.490236,1
-151.424,-16.818,1
-157.68,21.288,3
-157.806,21.2691,3
-157.838,21.513,3
-158.171,21.58,3
-16.300072,28.47447,4
-162.086448,5.887092,3
-2.984571,51.356629,4
-34.853778,-7.064306,2
-34.90568,-7.15205,2
-34.966626,-8.076626,2
-34.991876,-7.974777,2
-35.160563,-7.035988,2
-35.176139,-8.729861,2
-35.20972,-5.905892,2
-35.236728,-7.147507,2
-35.289952,-6.419913,2
-35.508894,-8.2408,2
-35.518622,-7.246921,2
-35.633234,-6.754478,2
-35.703874,-9.63623,2
-35.855991,-8.693935,2
-37.08418,-8.564544,2
-37.431906,-10.542796,2
-38.238126,-12.833122,2
-38.3198401,-12.8936634,2
-38.3198402,-12.6936587,2
-38.3998454,-12.7836608,2
-38.499709,-12.97799,2
-38.500536,-3.7549,2
-38.598641,-3.912479,2
-38.642881,-3.711164,2
-38.647672,-4.026397,2
-38.949945,-4.224508,2
-38.95833,-14.06958,2
-39.027364,-3.40565,2
-39.027632,-4.304124,2
-39.371702,-17.900796,2
-4.792783,39.212944,4
-40.070499,-19.151749,2
-40.286934,-20.342115,2
-40.346346,-2.917119,2
-40.482638,-19.244994,2
-40.491595,-12.283698,2
-40.494205,-20.657742,2
-40.565112,-19.951246,2
-40.676017,-19.805103,2
-40.783295,-20.890317,2
-40.812101,-19.87003,2
-40.896792,-20.146803,2
-41.127587,-20.332072,2
-41.283988,-21.832922,2
-41.350945,-21.750738,2
-41.38722,-12.563363,2
-41.405892,-21.444668,2
-41.623773,-18.092856,2
-41.686956,-20.781919,2
-41.693506,-11.068367,2
-41.72025,-4.098944,2
-41.750359,-21.652871,2
-41.90212,-18.843045,2
-41.910688,-22.490871,2
-41.973727,-22.740734,2
-42.042302,-20.962874,2
-42.1694,-4.6293,2
-42.283005,-22.937853,2
-42.34511,-20.895119,2
-42.417353,-18.185567,2
-42.5,-22,2
-42.546131,-19.510279,2
-42.630222,-4.799472,2
-42.63868,-21.530687,2
-42.76695,-5.0656,2
-42.770215,-22.45288,2
-42.87629,-20.754665,2
-42.995239,-22.816141,2
-43.044511,-22.545539,2
-43.13471,-22.900247,2
-43.155018,-22.48557,2
-43.225675,-22.967942,2
-43.282195,-22.788407,2
-43.297371,-20.684257,2
-43.358292,-21.771741,2
-43.390143,-22.92865,2
-43.478457,-22.46996,2
-43.563821,-22.959058,2
-43.89873,-22.958228,2
-43.975121,-19.916125,2
-44.029418,-19.615745,2
-44.158337,-22.554611,2
-44.165118,-19.929815,2
-44.2468,-2.53268,2
-44.316761,-22.023323,2
-44.512034,-13.507883,2
-44.531634,-14.179267,2
-44.605214,-22.459156,2
-44.716022,-23.218863,2
-44.990257,-19.871393,2
-45.062115,-22.106102,2
-45.071486,-23.4343825,2
-45.129567,-22.737383,2
-45.53,-14.998889,1
-45.565903,-23.782937,1
-45.580575,-20.538231,1
-45.865706,-23.736895,1
-45.949762,-23.301687,1
-46.029203,-22.862114,1
-46.102463,-15.904808,1
-46.232845,-19.19826,1
-46.290858,-23.003731,1
-46.2975,-23.66195,1
-46.31293,-18.998508,1
-46.383402,-23.97043,1
-46.448412,-23.382185,1
-46.46663,-23.676201,1
-46.514966,-23.454817,1
-46.521793,-23.567219,1
-46.583755,-23.062553,1
-46.613953,-23.608747,1
-46.628358,-22.472879,1
-46.70345,-23.532488,1
-46.734668,-23.636789,1
-46.749725,-23.440722,1
-46.755872,-23.350799,1
-46.786238,-21.96704,1
-46.801391,-1.63228,4
-46.836778,-23.531812,1
-46.910159,-22.742469,1
-46.912954,-21.606244,1
-46.922653,-23.28024,1
-46.930438,-23.149527,1
-47.020213,-23.652375,1
-47.036305,-22.887078,1
-47.174426,-22.343685,1
-47.175625,-23.541505,1
-47.178956,-23.129645,1
-47.2996008,-23.2646754,1
-47.31427,-23.162475,1
-47.3318034,-22.7396748,1
-47.375405,-22.559647,1
-47.390344,-22.359025,1
-47.438918,-22.763064,1
-47.444598,-23.540283,1
-47.452957,-24.029414,1
-47.50516,-24.319966,1
-47.570736,-24.757021,1
-47.573349,-22.415267,1
-47.6496035,-22.7257729,1
-47.657974,-20.988297,1
-47.660304,-15.611535,1
-47.7151041,-23.1023739,1
-47.759522,-15.650487,1
-47.773225,-16.112225,1
-47.777031,-21.024654,1
-47.788544,-22.666639,1
-47.789369,-16.586782,1
-47.808137,-21.205795,1
-47.809397,-15.799297,1
-47.8260048,-22.7790736,1
-47.8385115,-24.8962785,1
-47.8553,-23.3545,1
-47.875556,-21.990278,1
-47.890113,-24.6118786,1
-47.910189,-15.760353,1
-47.923248,-15.889696,1
-47.928387,-25.003692,1
-47.932145,-16.264655,1
-47.97694,-16.120969,1
-48.002228,-15.80672,1
-48.055049,-16.002417,1
-48.139141,-15.783895,1
-48.193006,-21.81464,1
-48.281087,-18.910305,1
-48.341048,-21.239967,1
-48.383889,-22.3675,1
-48.444256,-1.451233,4
-48.455002,-25.65471,1
-48.478847,-23.60854,1
-48.4898085,-22.8923703,1
-48.491777,-27.442647,1
-48.515278,-21.258056,1
-48.525505,-27.602859,1
-48.532525,-25.516618,1
-48.535833,-6.076667,1
-48.602322,-27.022967,1
-48.60495,-26.124001,1
-48.616428,-27.792632,1
-48.617124,-26.793561,1
-48.655208,-28.152398,1
-48.665187,-26.916569,1
-48.690586,-27.676284,1
-48.769312,-28.480455,1
-48.80356,-22.595912,1
-48.85355,-26.278472,1
-48.884434,-27.064001,1
-48.926591,-16.646986,1
-48.929119,-26.904419,1
-48.947685,-16.380491,1
-48.956362,-28.44364,1
-49.03141,-22.348653,1
-49.072994,-26.924025,1
-49.135027,-22.412651,1
-49.23762,-16.678699,1
-49.252447,-26.440526,1
-49.275144,-26.932929,1
-49.278921,-26.794102,1
-49.342511,-16.781751,1
-49.369711,-20.778732,1
-49.375358,-28.672278,1
-49.403566,-22.410384,1
-49.526249,-16.059925,1
-49.941193,-15.563959,1
-50.38506,-21.254881,1
-50.550484,-20.685685,1
-50.865674,-21.224623,1
-50.892204,-22.2294,1
-51.186575,-28.059614,1
-51.445,-1.737639,4
-51.967795,-23.393092,1
-52.16667,-21.83333,1
-52.17186,-22.621273,1
-52.224595,-3.2677,1
-52.332638,4.884125,4
-52.456235,4.907154,4
-53.006158,5.371209,4
-53.157169,-27.979463,1
-54.475261,-16.62188,1
-54.559801,-20.422829,1
-54.6471,-20.514136,1
-54.732209,-2.417721,1
-54.936942,-2.635831,1
-54.936976,-12.382073,1
-54.939298,-10.186609,1
-55.756602,-27.913514,1
-56.0487,-15.562611,1
-57.527878,-25.305049,1
-57.55336,-17.831497,1
-58.030253,-33.24585,1
-58.807373,-17.97431,1
-59.297052,3.756823,4
-59.5771,13.0696,4
-59.5825,13.1725,4
-59.838444,3.369167,4
-60.172565,-3.014729,1
-60.727798,11.180233,4
-60.85742,14.433245,4
-60.9176,13.8668,4
-60.93,13.964,4
-60.97952,14.47621,4
-61.1655,13.1447,4
-61.2174,14.8392,4
-61.257185,10.739116,4
-61.2739,12.9918,4
-61.334,15.341,4
-61.400088,10.640622,4
-61.408894,10.50239,4
-61.4431,12.6029,4
-61.448,12.4817,4
-61.473,15.584,4
-61.487105,10.233997,4
-61.758572,10.673921,4
-62.1725,-16.441667,1
-62.596,17.142,4
-62.9625,17.475834,4
-63.021097,18.045592,4
-63.126227,-17.775327,1
-63.137,18.063,4
-63.231,17.6444,4
-64.18256,10.45397,4
-64.663163,32.347572,4
-64.706932,17.743689,4
-64.775585,32.281575,4
-64.906879,-14.847161,1
-64.932594,18.343788,4
-65.779393,18.310137,4
-65.8849,17.9883,4
-66.163825,18.117558,4
-66.2955,2.61458,4
-66.333,18.351,4
-66.597,18.453,4
-66.729,18.414,4
-66.778,10.4348,4
-66.868,17.9715,4
-66.87919,10.48801,4
-67.249718,18.36298,4
-67.611,10.273,4
-67.7461,10.3888,4
-67.7872,4.2716,4
-67.86647,-9.956635,1
-67.9424,18.0858,4
-68.016777,10.275097,4
-68.39612,18.63227,4
-68.505872,-10.653126,1
-68.6183,18.3555,4
-68.81,18.329,4
-68.902369,18.40244,4
-68.90572,12.141236,4
-69.02478,18.416004,4
-69.18913,-12.59331,1
-69.282486,18.46329,4
-69.4636,19.067,4
-69.489523,-12.860998,1
-69.9456,11.9026,4
-7.470548,38.364323,4
-7.54898,37.293174,4
-7.570008,38.714814,4
-7.728505,38.291781,4
-7.810942,37.044938,4
-70.025586,18.516637,4
-70.0565,12.5508,4
-70.111,19.355,4
-70.275827,9.23588,4
-70.544342,19.058502,4
-70.717,19.789,4
-70.857062,19.643881,4
-71.076705,19.556847,4
-71.090003,42.306838,4
-71.16043,-15.0314,1
-71.2667,19.6833,4
-71.469572,8.824862,4
-71.506797,-13.040853,1
-71.573611,18.406944,4
-71.575986,18.316181,4
-72.018747,21.920313,4
-72.209129,7.771073,4
-72.218444,21.7835,4
-73.64868,11.2551,4
-73.758338,6.942096,4
-74.08938,11.06377,4
-74.093,4.663,4
-74.338837,4.983847,4
-74.380305,5.069457,4
-74.4561,20.3372,4
-74.463,4.766,4
-74.48,4.185,4
-74.59316,20.32733,4
-74.886,4.148,4
-75.156353,19.893205,4
-75.3848,20.0117,4
-75.625282,6.157327,4
-75.64956,4.69105,4
-75.6725,4.5388889,4
-75.777782,4.801867,4
-76.013924,5.786361,4
-76.128,5.35,4
-76.149899,-0.637069,4
-76.409375,7.199447,4
-76.503,20.053,4
-76.657067,2.34582,3
-76.7277,18.089,3
-77.216206,2.533625,3
-77.2247,17.7376,3
-77.3949,25.0716,3
-77.6059,18.4589,3
-77.701477,-2.144072,1
-77.78822,21.59166,3
-77.816007,-0.99132,3
-77.995772,-1.53331,3
-78.170781,0.803072,3
-78.174,2.964,3
-79.115669,-0.214582,3
-79.502834,-1.081309,3
-79.611109,-0.027571,3
-79.698983,9.119105,3
-79.786769,-3.151343,1
-79.898991,-3.290042,1
-8.013228,40.427474,4
-8.378564,37.363058,4
-8.486459,39.403497,4
-80.075028,26.916022,3
-80.095024,26.37464,3
-80.126435,26.181662,3
-80.13125,25.779618,3
-80.1376,26.988905,3
-80.139982,26.83628,3
-80.145741,27.086776,3
-80.160042,25.687308,3
-80.166035,26.66746,3
-80.174625,26.098375,3
-80.194113,25.85377,3
-80.212937,26.305807,3
-80.216187,26.46253,3
-80.227478,27.232522,3
-80.248838,26.732808,3
-80.250947,25.740669,3
-80.259512,27.114237,3
-80.31897,25.907875,3
-80.323512,26.07506,3
-80.373572,27.587705,3
-80.393238,27.753673,3
-80.421678,25.673187,3
-80.439804,25.089968,3
-80.482294,25.483265,3
-80.504044,27.837039,3
-80.609627,25.382432,3
-80.646505,26.665504,3
-80.679481,28.089146,3
-80.875105,25.185251,3
-81.070854,28.509329,3
-81.199075,28.600267,3
-81.302097,28.613681,3
-81.33778,27.18833,3
-81.377725,28.526122,3
-81.379053,24.707336,3
-81.505042,8.447851,3
-81.560303,26.355684,3
-81.674893,26.653146,3
-81.702916,7.637463,3
-81.76052,28.037265,3
-81.761763,26.30023,3
-81.830555,26.571168,3
-81.904822,28.055905,3
-81.968863,26.582608,3
-82.079622,26.43744,3
-82.136644,27.936833,3
-82.144712,26.97723,3
-82.176588,28.044889,3
-82.251955,27.05929,3
-82.290853,26.855355,3
-82.374873,27.106609,3
-82.383064,28.26688,3
-82.478026,27.177194,3
-82.485625,27.999233,3
-82.492495,27.870692,3
-82.562637,28.799862,3
-82.577228,27.331684,3
-82.660622,27.513722,3
-82.688354,28.278364,3
-82.706497,27.816857,3
-82.740058,27.63897,3
-82.821448,27.88941,3
-82.956337,8.803595,3
-83.20159,8.701021,3
-83.2891,9.0689,3
-83.382926,8.579581,3
-83.563972,9.832025,3
-83.580868,10.434182,3
-83.73834,22.62109,3
-83.751751,9.784103,3
-83.924309,9.842187,3
-84.00477,10.431263,3
-84.189595,10.025887,3
-84.469625,10.016667,3
-84.5,39.2,3
-84.618697,10.383303,3
-85.09311,10.4294,3
-85.167178,12.215508,3
-85.42595,10.989183,3
-85.615491,10.83641,3
-85.720182,10.54313,3
-85.8441,10.273,3
-85.953633,11.708883,3
-85.97831,11.83446,3
-86.55371,14.03723,3
-87.007856,14.007443,3
-88,14.866667,3
-88.263555,18.543458,3
-88.565955,18.086292,3
-89.131277,18.662164,3
-89.193883,13.703333,3
-89.88972,18.36417,3
-9.081355,38.626691,4
-9.168348,38.743606,4
-90.52793,14.655656,3
-90.9986,-0.84564,3
-92.33615,15.17318,3
-93.06667,17.38333,3
-96.509444,19.386667,3
-96.89399,19.53635,3
-96.912,17.648,3
-96.945,17.772,3
-96.965863,18.882389,3
-98.199002,20.399271,3
-99.148044,23.030427,3
-99.16,17.439,3
-99.221178,18.621918,3
-99.465283,17.411667,3
10.29312,56.23327,4
101.023247,13.611852,4
101.681667,3.686383,4
103.830125,1.325797,4
103.952783,1.378472,4
104.7581,-2.9883,2
106.187,-6.6687,2
106.7953,-6.595,2
107.771212,-6.931855,2
109.073889,-7.657222,2
109.1533,-6.9878,2
109.545,-7.319,2
110.376369,-7.393196,2
110.427349,-7.624493,2
110.5135,-8.0062,2
115.111195,-8.807153,2
115.264177,-8.554796,2
116.782857,5.945346,4
118.11616,5.841234,4
118.13733,4.722942,4
119.987945,15.317289,4
12.518429,55.649322,4
120.72587,22.079531,4
120.998898,16.303895,4
121.053794,16.944098,4
121.237228,16.63442,4
122.634331,14.094248,4
124.19,8.1878,4
13.05,-5.85,2
143.55,-3.333333,2
144.229,-5.682,2
145.33333,-16.483334,2
145.41529,-16.17416,2
145.55,-17.166666,2
145.57912,-17.27019,2
145.74226,-5.44566,2
145.75,-17.016666,2
145.76666,-16.916666,2
145.78673,-5.22246,2
145.9439,-18.417778,2
146.825125,-19.2651,2
146.934395,-19.428394,2
147.76581,-6.48494,2
151.30028,-24.069723,2
152.616002,-25.184737,2
152.694744,-25.544928,2
152.6957,-25.790107,2
152.89185,-25.293715,2
152.931258,-26.854483,2
152.955208,-26.623925,2
153.166694,-27.434235,2
153.349723,-29.396072,2
178,-18,2
18.436607,-34.05289,2
18.600914,-34.075203,2
18.97733,-33.815647,2
2.137154,41.378306,4
22.41667,-5.9,2
22.46,-32.28,2
22.461928,-33.962607,2
23.71,-32.58,2
25.722712,-33.392127,2
27.55,1.31667,4
28.230091,-25.751709,2
29,-3.5,2
30.40547,-15.26909,2
47.150278,-24.5825,2
49.120911,-12.96002,2
55.46667,-4.66667,2
55.567736,-21.358611,2
55.73333,-4.26667,2
6.67359,50.037833,4
6.806615,51.434781,4
72.914865,22.567606,4
74.367881,15.33146,4
75.591247,19.993272,4
76.627288,12.222723,4
77.026378,11.935205,4
77.426628,8.187726,4
77.606017,12.934432,4
79.008397,29.4079,4
79.931066,7.062061,4
88.53,22.81,4
89.169266,23.169028,4
9.91401,56.03862,4
96.37,-83.02,2
96.45292,16.522353,4
