"tune.args","fold","auc.val","auc.diff","cbi.val","or.mtp","or.10p"
"fc.L_rm.1",1,0.8229,0.186896153846154,0.605,0,0
"fc.L_rm.1",2,0.70635,0.0613807692307693,0.605,0,0
"fc.L_rm.1",3,0.86065,0.22755,0.629,0,0
"fc.L_rm.1",4,0.3418,0.331211538461539,-0.224,1,1
"fc.L_rm.1",5,0.4949,0.166334615384615,0.484,0,0
"fc.L_rm.1",6,0.53485,0.123311538461538,0.567,0,0
"fc.L_rm.1",7,0.53105,0.127403846153846,0.567,0,0
"fc.L_rm.1",8,0.478,0.184534615384615,0.297,0,0
"fc.L_rm.1",9,0.56025,0.0959576923076922,0.567,0,0
"fc.L_rm.1",10,0.65585,3.84615384615428e-05,0.589,0,0
"fc.L_rm.1",11,0.5,0,NA,0,0
"fc.L_rm.1",12,0.5,0,NA,0,0
"fc.L_rm.1",13,0.64225,0.00765000000000005,0.605,0,0
"fc.L_rm.1",14,0.42645,0.24005,0.175,0,1
"fc.LQ_rm.1",1,0.8229,0.183515384615385,0.605,0,0
"fc.LQ_rm.1",2,0.67155,0.0172384615384615,0.605,0,0
"fc.LQ_rm.1",3,0.86065,0.22755,0.605,0,0
"fc.LQ_rm.1",4,0.16075,0.531492307692308,-0.616,1,1
"fc.LQ_rm.1",5,0.45705,0.213176923076923,0.6,0,0
"fc.LQ_rm.1",6,0.53485,0.123311538461538,0.605,0,0
"fc.LQ_rm.1",7,0.53105,0.127403846153846,0.605,0,0
"fc.LQ_rm.1",8,0.478,0.184534615384615,0.605,0,0
"fc.LQ_rm.1",9,0.56025,0.0959576923076922,0.605,0,0
"fc.LQ_rm.1",10,0.24905,0.450438461538462,-0.484,1,1
"fc.LQ_rm.1",11,0.8993,0.283676923076923,0.605,0,0
"fc.LQ_rm.1",12,0.79545,0.1432,0.605,0,0
"fc.LQ_rm.1",13,0.59665,0.0641538461538461,0.605,0,0
"fc.LQ_rm.1",14,0.34795,0.330530769230769,0.286,0,1
"fc.L_rm.2",1,0.5,0,NA,0,0
"fc.L_rm.2",2,0.5,0,NA,0,0
"fc.L_rm.2",3,0.5,0,NA,0,0
"fc.L_rm.2",4,0.5,0,NA,0,0
"fc.L_rm.2",5,0.5,0,NA,0,0
"fc.L_rm.2",6,0.5,0,NA,0,0
"fc.L_rm.2",7,0.5,0,NA,0,0
"fc.L_rm.2",8,0.5,0,NA,0,0
"fc.L_rm.2",9,0.5,0,NA,0,0
"fc.L_rm.2",10,0.5,0,NA,0,0
"fc.L_rm.2",11,0.5,0,NA,0,0
"fc.L_rm.2",12,0.5,0,NA,0,0
"fc.L_rm.2",13,0.5,0,NA,0,0
"fc.L_rm.2",14,0.5,0,NA,0,0
"fc.LQ_rm.2",1,0.5,0,NA,0,0
"fc.LQ_rm.2",2,0.5,0,NA,0,0
"fc.LQ_rm.2",3,0.5,0,NA,0,0
"fc.LQ_rm.2",4,0.3418,0.331211538461539,0.171,1,1
"fc.LQ_rm.2",5,0.4949,0.166334615384615,0.605,0,0
"fc.LQ_rm.2",6,0.53485,0.123311538461538,0.605,0,0
"fc.LQ_rm.2",7,0.53105,0.127403846153846,0.605,0,0
"fc.LQ_rm.2",8,0.478,0.184534615384615,0.6,0,0
"fc.LQ_rm.2",9,0.56025,0.0959576923076922,0.605,0,0
"fc.LQ_rm.2",10,0.5,0,NA,0,0
"fc.LQ_rm.2",11,0.5,0,NA,0,0
"fc.LQ_rm.2",12,0.5,0,NA,0,0
"fc.LQ_rm.2",13,0.64225,0.00765000000000005,0.605,0,0
"fc.LQ_rm.2",14,0.42645,0.24005,0.484,0,1
"fc.L_rm.3",1,0.5,0,NA,0,0
"fc.L_rm.3",2,0.5,0,NA,0,0
"fc.L_rm.3",3,0.5,0,NA,0,0
"fc.L_rm.3",4,0.5,0,NA,0,0
"fc.L_rm.3",5,0.5,0,NA,0,0
"fc.L_rm.3",6,0.5,0,NA,0,0
"fc.L_rm.3",7,0.5,0,NA,0,0
"fc.L_rm.3",8,0.5,0,NA,0,0
"fc.L_rm.3",9,0.5,0,NA,0,0
"fc.L_rm.3",10,0.5,0,NA,0,0
"fc.L_rm.3",11,0.5,0,NA,0,0
"fc.L_rm.3",12,0.5,0,NA,0,0
"fc.L_rm.3",13,0.5,0,NA,0,0
"fc.L_rm.3",14,0.5,0,NA,0,0
"fc.LQ_rm.3",1,0.5,0,NA,0,0
"fc.LQ_rm.3",2,0.5,0,NA,0,0
"fc.LQ_rm.3",3,0.5,0,NA,0,0
"fc.LQ_rm.3",4,0.5,0,NA,0,0
"fc.LQ_rm.3",5,0.5,0,NA,0,0
"fc.LQ_rm.3",6,0.5,0,NA,0,0
"fc.LQ_rm.3",7,0.5,0,NA,0,0
"fc.LQ_rm.3",8,0.5,0,NA,0,0
"fc.LQ_rm.3",9,0.5,0,NA,0,0
"fc.LQ_rm.3",10,0.5,0,NA,0,0
"fc.LQ_rm.3",11,0.5,0,NA,0,0
"fc.LQ_rm.3",12,0.5,0,NA,0,0
"fc.LQ_rm.3",13,0.5,0,NA,0,0
"fc.LQ_rm.3",14,0.5,0,NA,0,0
"fc.L_rm.4",1,0.5,0,NA,0,0
"fc.L_rm.4",2,0.5,0,NA,0,0
"fc.L_rm.4",3,0.5,0,NA,0,0
"fc.L_rm.4",4,0.5,0,NA,0,0
"fc.L_rm.4",5,0.5,0,NA,0,0
"fc.L_rm.4",6,0.5,0,NA,0,0
"fc.L_rm.4",7,0.5,0,NA,0,0
"fc.L_rm.4",8,0.5,0,NA,0,0
"fc.L_rm.4",9,0.5,0,NA,0,0
"fc.L_rm.4",10,0.5,0,NA,0,0
"fc.L_rm.4",11,0.5,0,NA,0,0
"fc.L_rm.4",12,0.5,0,NA,0,0
"fc.L_rm.4",13,0.5,0,NA,0,0
"fc.L_rm.4",14,0.5,0,NA,0,0
"fc.LQ_rm.4",1,0.5,0,NA,0,0
"fc.LQ_rm.4",2,0.5,0,NA,0,0
"fc.LQ_rm.4",3,0.5,0,NA,0,0
"fc.LQ_rm.4",4,0.5,0,NA,0,0
"fc.LQ_rm.4",5,0.5,0,NA,0,0
"fc.LQ_rm.4",6,0.5,0,NA,0,0
"fc.LQ_rm.4",7,0.5,0,NA,0,0
"fc.LQ_rm.4",8,0.5,0,NA,0,0
"fc.LQ_rm.4",9,0.5,0,NA,0,0
"fc.LQ_rm.4",10,0.5,0,NA,0,0
"fc.LQ_rm.4",11,0.5,0,NA,0,0
"fc.LQ_rm.4",12,0.5,0,NA,0,0
"fc.LQ_rm.4",13,0.5,0,NA,0,0
"fc.LQ_rm.4",14,0.5,0,NA,0,0
"fc.L_rm.5",1,0.5,0,NA,0,0
"fc.L_rm.5",2,0.5,0,NA,0,0
"fc.L_rm.5",3,0.5,0,NA,0,0
"fc.L_rm.5",4,0.5,0,NA,0,0
"fc.L_rm.5",5,0.5,0,NA,0,0
"fc.L_rm.5",6,0.5,0,NA,0,0
"fc.L_rm.5",7,0.5,0,NA,0,0
"fc.L_rm.5",8,0.5,0,NA,0,0
"fc.L_rm.5",9,0.5,0,NA,0,0
"fc.L_rm.5",10,0.5,0,NA,0,0
"fc.L_rm.5",11,0.5,0,NA,0,0
"fc.L_rm.5",12,0.5,0,NA,0,0
"fc.L_rm.5",13,0.5,0,NA,0,0
"fc.L_rm.5",14,0.5,0,NA,0,0
"fc.LQ_rm.5",1,0.5,0,NA,0,0
"fc.LQ_rm.5",2,0.5,0,NA,0,0
"fc.LQ_rm.5",3,0.5,0,NA,0,0
"fc.LQ_rm.5",4,0.5,0,NA,0,0
"fc.LQ_rm.5",5,0.5,0,NA,0,0
"fc.LQ_rm.5",6,0.5,0,NA,0,0
"fc.LQ_rm.5",7,0.5,0,NA,0,0
"fc.LQ_rm.5",8,0.5,0,NA,0,0
"fc.LQ_rm.5",9,0.5,0,NA,0,0
"fc.LQ_rm.5",10,0.5,0,NA,0,0
"fc.LQ_rm.5",11,0.5,0,NA,0,0
"fc.LQ_rm.5",12,0.5,0,NA,0,0
"fc.LQ_rm.5",13,0.5,0,NA,0,0
"fc.LQ_rm.5",14,0.5,0,NA,0,0
