gbifID	datasetKey	occurrenceID	kingdom	phylum	class	order	family	genus	species	infraspecificEpithet	taxonRank	scientificName	verbatimScientificName	verbatimScientificNameAuthorship	countryCode	locality	stateProvince	occurrenceStatus	individualCount	publishingOrgKey	decimalLatitude	decimalLongitude	coordinateUncertaintyInMeters	coordinatePrecision	elevation	elevationAccuracy	depth	depthAccuracy	eventDate	day	month	year	taxonKey	speciesKey	basisOfRecord	institutionCode	collectionCode	catalogNumber	recordNumber	identifiedBy	dateIdentified	license	rightsHolder	recordedBy	typeStatus	establishmentMeans	lastInterpreted	mediaType	issue
2823479781	7931dcab-94f1-46ce-8092-56e4335423de	d4166d87-f1a4-4bcd-bea8-fd86b9c2bac9	Animalia	Arthropoda	Arachnida	Araneae	Scytodidae	Scytodes	Scytodes panamensis		SPECIES	Scytodes panamensis Brescovit & Rheims, 2001	Scytodes panamensis Brescovit & Rheims, 2001		VE	El Valle, 15 km NE Merida	Mérida	PRESENT	1	7b8aff00-a9f8-11d8-944b-b8a03c50a862									1989-06-24	24	6	1989	4W6T3	4W6T3	PRESERVED_SPECIMEN	FMNH	Insects	FMNHINS 0003 821 905	P#89-230	Dr. James P. Kase : Field Museum of Natural History - Department of Zoology	2017-01-01T00:00:00	CC0_1_0	The Field Museum of Natural History	S. B. Peck, J. Kukalova-Peck			2026-09-29T10:39:52.364Z		OCCURRENCE_STATUS_INFERRED_FROM_INDIVIDUAL_COUNT;INSTITUTION_MATCH_FUZZY;INSTITUTION_COLLECTION_MISMATCH
477983330	4bfac3ea-8763-4f4b-a71a-76a6f5f243d3	MCZ:IZ:53231	Animalia	Arthropoda	Arachnida	Araneae	Scytodidae	Scytodes	Scytodes panamensis		SPECIES	Scytodes panamensis Brescovit & Rheims, 2001	Scytodes panamensis Brescovit and Rheims, 2001	Brescovit and Rheims, 2001	PA	Porto Bello (Portobelo)	Colon	PRESENT	2	b4640710-8e03-11d8-b956-b8a03c50a862	9.54889	-79.65302		1.0E-5					1936-08-12	12	8	1936	4W6T3	4W6T3	PRESERVED_SPECIMEN	MCZ	IZ	53231		Brescovit and Rheims, 2000		CC_BY_NC_4_0	President and Fellows of Harvard College	Arthur M. Chickering			2026-09-30T02:58:09.562Z		GEODETIC_DATUM_INVALID;GEODETIC_DATUM_ASSUMED_WGS84;INSTITUTION_MATCH_FUZZY;COLLECTION_MATCH_FUZZY
477983247	4bfac3ea-8763-4f4b-a71a-76a6f5f243d3	MCZ:IZ:53225	Animalia	Arthropoda	Arachnida	Araneae	Scytodidae	Scytodes	Scytodes panamensis		SPECIES	Scytodes panamensis Brescovit & Rheims, 2001	Scytodes panamensis Brescovit and Rheims, 2001	Brescovit and Rheims, 2001	PA	Porto Bello (Portobelo)	Colon	PRESENT	0	b4640710-8e03-11d8-b956-b8a03c50a862	9.54889	-79.65302		1.0E-5					1936-08-12	12	8	1936	4W6T3	4W6T3	PRESERVED_SPECIMEN	MCZ	IZ	53225		Brescovit and Rheims, 2000		CC_BY_NC_4_0	President and Fellows of Harvard College	Arthur M. Chickering			2026-09-30T02:57:38.352Z		GEODETIC_DATUM_INVALID;GEODETIC_DATUM_ASSUMED_WGS84;INDIVIDUAL_COUNT_CONFLICTS_WITH_OCCURRENCE_STATUS;INSTITUTION_MATCH_FUZZY;COLLECTION_MATCH_FUZZY
477983244	4bfac3ea-8763-4f4b-a71a-76a6f5f243d3	MCZ:IZ:53222	Animalia	Arthropoda	Arachnida	Araneae	Scytodidae	Scytodes	Scytodes panamensis		SPECIES	Scytodes panamensis Brescovit & Rheims, 2001	Scytodes panamensis Brescovit and Rheims, 2001	Brescovit and Rheims, 2001	PA	Gatun	Canal Zone	PRESENT	12	b4640710-8e03-11d8-b956-b8a03c50a862	9.27086	-79.91597	609.0	1.0E-5					1958-02-15	15	2	1958	4W6T3	4W6T3	PRESERVED_SPECIMEN	MCZ	IZ	53222		Brescovit and Rheims, 2000		CC_BY_NC_4_0	President and Fellows of Harvard College	Arthur M. Chickering			2026-09-30T02:58:19.896Z		INSTITUTION_MATCH_FUZZY;COLLECTION_MATCH_FUZZY
477983243	4bfac3ea-8763-4f4b-a71a-76a6f5f243d3	MCZ:IZ:53220	Animalia	Arthropoda	Arachnida	Araneae	Scytodidae	Scytodes	Scytodes panamensis		SPECIES	Scytodes panamensis Brescovit & Rheims, 2001	Scytodes panamensis Brescovit and Rheims, 2001	Brescovit and Rheims, 2001	PA	Fort Randolph	Colon	PRESENT	0	b4640710-8e03-11d8-b956-b8a03c50a862	9.38427	-79.88707	1025.0	1.0E-5					1937-08-13	13	8	1937	4W6T3	4W6T3	PRESERVED_SPECIMEN	MCZ	IZ	53220		Brescovit and Rheims, 2000		CC_BY_NC_4_0	President and Fellows of Harvard College	Arthur M. Chickering			2026-09-30T02:58:07.794Z		INDIVIDUAL_COUNT_CONFLICTS_WITH_OCCURRENCE_STATUS;INSTITUTION_MATCH_FUZZY;COLLECTION_MATCH_FUZZY
477980385	4bfac3ea-8763-4f4b-a71a-76a6f5f243d3	MCZ:IZ:53219	Animalia	Arthropoda	Arachnida	Araneae	Scytodidae	Scytodes	Scytodes panamensis		SPECIES	Scytodes panamensis Brescovit & Rheims, 2001	Scytodes panamensis Brescovit and Rheims, 2001	Brescovit and Rheims, 2001	PA	Fort Sherman		PRESENT	18	b4640710-8e03-11d8-b956-b8a03c50a862	9.36575	-79.95796	1547.0	1.0E-5									4W6T3	4W6T3	PRESERVED_SPECIMEN	MCZ	IZ	53219		Brescovit and Rheims, 2000		CC_BY_NC_4_0	President and Fellows of Harvard College	Arthur M. Chickering			2026-09-30T02:57:38.694Z		INSTITUTION_MATCH_FUZZY;COLLECTION_MATCH_FUZZY
477976038	4bfac3ea-8763-4f4b-a71a-76a6f5f243d3	MCZ:IZ:53248	Animalia	Arthropoda	Arachnida	Araneae	Scytodidae	Scytodes	Scytodes panamensis		SPECIES	Scytodes panamensis Brescovit & Rheims, 2001	Scytodes panamensis Brescovit and Rheims, 2001	Brescovit and Rheims, 2001	PA	Fort Sherman		PRESENT	27	b4640710-8e03-11d8-b956-b8a03c50a862	9.36575	-79.95796	1547.0	1.0E-5					1939-08-16	16	8	1939	4W6T3	4W6T3	PRESERVED_SPECIMEN	MCZ	IZ	53248		Brescovit and Rheims		CC_BY_NC_4_0	President and Fellows of Harvard College	Arthur M. Chickering	Paratype		2026-09-30T02:58:12.194Z		INSTITUTION_MATCH_FUZZY;COLLECTION_MATCH_FUZZY
477976037	4bfac3ea-8763-4f4b-a71a-76a6f5f243d3	MCZ:IZ:53247	Animalia	Arthropoda	Arachnida	Araneae	Scytodidae	Scytodes	Scytodes panamensis		SPECIES	Scytodes panamensis Brescovit & Rheims, 2001	Scytodes panamensis Brescovit and Rheims, 2001	Brescovit and Rheims, 2001	PA	Fort Sherman		PRESENT	5	b4640710-8e03-11d8-b956-b8a03c50a862	9.36575	-79.95796	1547.0	1.0E-5					1939-08-16	16	8	1939	4W6T3	4W6T3	PRESERVED_SPECIMEN	MCZ	IZ	53247		Brescovit and Rheims		CC_BY_NC_4_0	President and Fellows of Harvard College	Arthur M. Chickering	Paratype		2026-09-30T02:58:08.005Z		INSTITUTION_MATCH_FUZZY;COLLECTION_MATCH_FUZZY
477976036	4bfac3ea-8763-4f4b-a71a-76a6f5f243d3	MCZ:IZ:53246	Animalia	Arthropoda	Arachnida	Araneae	Scytodidae	Scytodes	Scytodes panamensis		SPECIES	Scytodes panamensis Brescovit & Rheims, 2001	Scytodes panamensis Brescovit and Rheims, 2001	Brescovit and Rheims, 2001	PA	Fort Sherman		PRESENT	1	b4640710-8e03-11d8-b956-b8a03c50a862	9.36575	-79.95796	1547.0	1.0E-5					1939-08-15	15	8	1939	4W6T3	4W6T3	PRESERVED_SPECIMEN	MCZ	IZ	53246		Brescovit and Rheims		CC_BY_NC_4_0	President and Fellows of Harvard College	Arthur M. Chickering	Holotype		2026-09-30T02:58:31.972Z		INSTITUTION_MATCH_FUZZY;COLLECTION_MATCH_FUZZY
