scientific_name,longitude,latitude,source,record_ids,countryCode,n_records,uncertainty_m,review_flags
Scytodes longipes,-73.979,5.644,manuscript,new_01,CO,1,unknown,
Scytodes longipes,-78.174,2.964,manuscript,new_02,CO,1,unknown,
Scytodes longipes,-73.346,4.758,manuscript,new_03,CO,1,unknown,
Scytodes longipes,-74.397,4.371,manuscript,new_04,CO,1,unknown,
Scytodes longipes,-74.14708,11.15221,manuscript,new_05,CO,1,unknown,
Scytodes longipes,-74.15894,11.16271,manuscript,new_06,CO,1,unknown,
Scytodes longipes,-76.128,5.35,manuscript,new_07,CO,1,unknown,
Scytodes longipes,-75.904,5.416,manuscript,new_08,CO,1,unknown,
Scytodes longipes,-75.6725,4.5388889,manuscript,new_09,CO,1,unknown,
Scytodes longipes,-75.64083333333333,4.5291667,manuscript,new_10,CO,1,unknown,
Scytodes longipes,-66.8111,10.5012,manuscript,new_11,VE,1,unknown,
Scytodes longipes,-68.72604,11.1602,manuscript,new_12,VE,1,unknown,
Scytodes longipes,-69.64106827185024,11.216237010564209,manuscript,new_13,VE,1,unknown,
Scytodes longipes,-99.228283,19.328016,GBIF,6130821448,MX,1,15.0,CONTINENT_DERIVED_FROM_COORDINATES;COORDINATE_ROUNDED;TAXON_ID_NOT_FOUND
Scytodes longipes,-84.317322,10.204497,GBIF,6131214505,CR,1,2.0,CONTINENT_DERIVED_FROM_COORDINATES;COORDINATE_ROUNDED;TAXON_ID_NOT_FOUND
Scytodes longipes,-75.775574,4.573833,GBIF,6163235018,CO,1,42.0,CONTINENT_DERIVED_FROM_COORDINATES;COORDINATE_ROUNDED;TAXON_ID_NOT_FOUND
Scytodes longipes,-63.019945,18.049382,GBIF,6552379354,SX,1,2.0,CONTINENT_DERIVED_FROM_COORDINATES;COORDINATE_ROUNDED;TAXON_ID_NOT_FOUND
Scytodes longipes,110.674533,-8.007881,GBIF,6398991459,ID,1,2521.0,CONTINENT_DERIVED_FROM_COORDINATES;COORDINATE_ROUNDED;TAXON_ID_NOT_FOUND
Scytodes longipes,-99.125905,19.226819,GBIF,6441375497,MX,1,30580.0,CONTINENT_DERIVED_FROM_COORDINATES;COORDINATE_ROUNDED;TAXON_ID_NOT_FOUND
Scytodes longipes,-99.737,19.332497,GBIF,6451921689,MX,1,27.0,CONTINENT_DERIVED_FROM_COORDINATES;COORDINATE_ROUNDED;TAXON_ID_NOT_FOUND
Scytodes longipes,-99.18277,19.412638,GBIF,6469766125,MX,1,11.0,CONTINENT_DERIVED_FROM_COORDINATES;COORDINATE_ROUNDED;TAXON_ID_NOT_FOUND
Scytodes longipes,-84.07322,9.938374,GBIF,6481065698,CR,1,unknown,CONTINENT_DERIVED_FROM_COORDINATES;COORDINATE_ROUNDED;TAXON_ID_NOT_FOUND
Scytodes longipes,-99.228301,19.32797,GBIF,6481208270,MX,1,15.0,CONTINENT_DERIVED_FROM_COORDINATES;COORDINATE_ROUNDED;TAXON_ID_NOT_FOUND
Scytodes longipes,-159.565597,22.21975,GBIF,6499843429,US,1,59.0,CONTINENT_DERIVED_FROM_COORDINATES;COORDINATE_ROUNDED;TAXON_ID_NOT_FOUND
Scytodes longipes,-85.618362,10.839458,GBIF,6500169593,CR,1,23.0,CONTINENT_DERIVED_FROM_COORDINATES;COORDINATE_ROUNDED;TAXON_ID_NOT_FOUND
Scytodes longipes,-77.000181,-12.108243,GBIF,6520560755,PE,1,15.0,CONTINENT_DERIVED_FROM_COORDINATES;COORDINATE_ROUNDED;TAXON_ID_NOT_FOUND
Scytodes longipes,-84.79892,10.281983,GBIF,6550957926,CR,1,6.0,CONTINENT_DERIVED_FROM_COORDINATES;COORDINATE_ROUNDED;TAXON_ID_NOT_FOUND
Scytodes longipes,-99.228226,19.328001,GBIF,6552903339,MX,1,15.0,CONTINENT_DERIVED_FROM_COORDINATES;COORDINATE_ROUNDED;TAXON_ID_NOT_FOUND
Scytodes longipes,-62.829917,17.891145,GBIF,6552348389,BL,1,8.0,CONTINENT_DERIVED_FROM_COORDINATES;COORDINATE_ROUNDED;TAXON_ID_NOT_FOUND
Scytodes longipes,-157.803895,21.335472,GBIF,5133124863,US,1,13.0,CONTINENT_DERIVED_FROM_COORDINATES;COORDINATE_ROUNDED;TAXON_ID_NOT_FOUND
Scytodes longipes,-99.228323,19.327924,GBIF,5133752550,MX,1,15.0,CONTINENT_DERIVED_FROM_COORDINATES;COORDINATE_ROUNDED;TAXON_ID_NOT_FOUND
Scytodes longipes,-99.22821,19.327869,GBIF,5133936091,MX,1,15.0,CONTINENT_DERIVED_FROM_COORDINATES;COORDINATE_ROUNDED;TAXON_ID_NOT_FOUND
Scytodes longipes,-157.803038,21.332792,GBIF,5134174914,US,1,14.0,CONTINENT_DERIVED_FROM_COORDINATES;COORDINATE_ROUNDED;TAXON_ID_NOT_FOUND
Scytodes longipes,-53.21165,3.622893,GBIF,5932289865,GF,1,unknown,CONTINENT_DERIVED_FROM_COORDINATES;COORDINATE_ROUNDED;TAXON_ID_NOT_FOUND
Scytodes longipes,-77.086052,-12.003309,GBIF,5282612904,PE,1,31104.0,CONTINENT_DERIVED_FROM_COORDINATES;COORDINATE_ROUNDED;TAXON_ID_NOT_FOUND
Scytodes longipes,-87.075084,14.034454,GBIF,5759719386,HN,1,5.0,CONTINENT_DERIVED_FROM_COORDINATES;COORDINATE_ROUNDED;TAXON_ID_NOT_FOUND
Scytodes longipes,-80.010509,0.07138,GBIF,5838167708,EC,1,20.0,CONTINENT_DERIVED_FROM_COORDINATES;COORDINATE_ROUNDED;TAXON_ID_NOT_FOUND
Scytodes longipes,-155.826612,19.497035,GBIF,5889936533,US,1,61695.0,CONTINENT_DERIVED_FROM_COORDINATES;COORDINATE_ROUNDED;TAXON_ID_NOT_FOUND
Scytodes longipes,-83.371562,22.654044,GBIF,6130584357,CU,1,924.0,CONTINENT_DERIVED_FROM_COORDINATES;COORDINATE_ROUNDED;TAXON_ID_NOT_FOUND
Scytodes longipes,-90.302647,-0.741901,GBIF,5909061060,EC,1,10.0,CONTINENT_DERIVED_FROM_COORDINATES;COORDINATE_ROUNDED;TAXON_ID_NOT_FOUND
Scytodes longipes,-85.463181,13.309906,GBIF,5909314581,NI,1,unknown,CONTINENT_DERIVED_FROM_COORDINATES;COORDINATE_ROUNDED;TAXON_ID_NOT_FOUND
Scytodes longipes,-155.618776,20.003989,GBIF,5935343190,US,1,30508.0,CONTINENT_DERIVED_FROM_COORDINATES;COORDINATE_ROUNDED;TAXON_ID_NOT_FOUND
Scytodes longipes,-157.79689,21.315085,GBIF,5935975220,US,1,8.0,CONTINENT_DERIVED_FROM_COORDINATES;COORDINATE_ROUNDED;TAXON_ID_NOT_FOUND
Scytodes longipes,-98.185272,18.980091,GBIF,6131087470,MX,1,unknown,CONTINENT_DERIVED_FROM_COORDINATES;COORDINATE_ROUNDED;TAXON_ID_NOT_FOUND
Scytodes longipes,165.232824,-20.815944,GBIF,4516505404,NC,1,2077.0,CONTINENT_DERIVED_FROM_COORDINATES;COORDINATE_ROUNDED;TAXON_ID_NOT_FOUND
Scytodes longipes,119.544011,-4.805329,GBIF,4528052643;4528090605;4528348697,ID,3,9.0;9.0;9.0,CONTINENT_DERIVED_FROM_COORDINATES;COORDINATE_ROUNDED;TAXON_ID_NOT_FOUND
Scytodes longipes,119.544019,-4.805292,GBIF,4528298662,ID,1,33.0,CONTINENT_DERIVED_FROM_COORDINATES;COORDINATE_ROUNDED;TAXON_ID_NOT_FOUND
Scytodes longipes,-77.596805,-11.102768,GBIF,4852223935,PE,1,2.0,CONTINENT_DERIVED_FROM_COORDINATES;COORDINATE_ROUNDED;TAXON_ID_NOT_FOUND
Scytodes longipes,123.221797,10.579905,GBIF,4872317650,PH,1,1125.0,CONTINENT_DERIVED_FROM_COORDINATES;COORDINATE_ROUNDED;TAXON_ID_NOT_FOUND
Scytodes longipes,-74.386272,4.402914,GBIF,4901837168,CO,1,unknown,CONTINENT_DERIVED_FROM_COORDINATES;COORDINATE_ROUNDED;TAXON_ID_NOT_FOUND
Scytodes longipes,-74.990587,6.396028,GBIF,4908599497,CO,1,4.0,CONTINENT_DERIVED_FROM_COORDINATES;COORDINATE_ROUNDED;TAXON_ID_NOT_FOUND
Scytodes longipes,-75.65151,4.510058,GBIF,4908890624,CO,1,unknown,CONTINENT_DERIVED_FROM_COORDINATES;COORDINATE_ROUNDED;TAXON_ID_NOT_FOUND
Scytodes longipes,169.349881,-19.438454,GBIF,4993741126,VU,1,30562.0,CONTINENT_DERIVED_FROM_COORDINATES;COORDINATE_ROUNDED;TAXON_ID_NOT_FOUND
Scytodes longipes,169.387972,-19.515118,GBIF,4993899039,VU,1,30562.0,CONTINENT_DERIVED_FROM_COORDINATES;COORDINATE_ROUNDED;TAXON_ID_NOT_FOUND
Scytodes longipes,169.293897,-19.58112,GBIF,4994374912,VU,1,30562.0,CONTINENT_DERIVED_FROM_COORDINATES;COORDINATE_ROUNDED;TAXON_ID_NOT_FOUND
Scytodes longipes,169.23581,-19.407713,GBIF,4994414886,VU,1,30562.0,CONTINENT_DERIVED_FROM_COORDINATES;COORDINATE_ROUNDED;TAXON_ID_NOT_FOUND
Scytodes longipes,169.307216,-19.409914,GBIF,4994437540,VU,1,30562.0,CONTINENT_DERIVED_FROM_COORDINATES;COORDINATE_ROUNDED;TAXON_ID_NOT_FOUND
Scytodes longipes,169.246805,-19.490297,GBIF,4994446909,VU,1,30562.0,CONTINENT_DERIVED_FROM_COORDINATES;COORDINATE_ROUNDED;TAXON_ID_NOT_FOUND
Scytodes longipes,169.324933,-19.479365,GBIF,4994547446,VU,1,30562.0,CONTINENT_DERIVED_FROM_COORDINATES;COORDINATE_ROUNDED;TAXON_ID_NOT_FOUND
Scytodes longipes,-52.347796,4.845758,GBIF,5932275742,GF,1,6.0,CONTINENT_DERIVED_FROM_COORDINATES;COORDINATE_ROUNDED;TAXON_ID_NOT_FOUND
Scytodes longipes,-157.798903,21.308708,GBIF,4935717241,US,1,1418.0,CONTINENT_DERIVED_FROM_COORDINATES;COORDINATE_ROUNDED;TAXON_ID_NOT_FOUND
Scytodes longipes,-157.802984,21.332814,GBIF,4946570091,US,1,35.0,CONTINENT_DERIVED_FROM_COORDINATES;COORDINATE_ROUNDED;TAXON_ID_NOT_FOUND
Scytodes longipes,-157.803144,21.332921,GBIF,4987609103,US,1,21.0,CONTINENT_DERIVED_FROM_COORDINATES;COORDINATE_ROUNDED;TAXON_ID_NOT_FOUND
Scytodes longipes,-159.501612,22.306346,GBIF,5844485717,US,1,30298.0,COORDINATE_ROUNDED;TAXON_ID_NOT_FOUND
Scytodes longipes,169.369031,-19.56079,GBIF,4994626699,VU,1,30562.0,CONTINENT_DERIVED_FROM_COORDINATES;COORDINATE_ROUNDED;TAXON_ID_NOT_FOUND
Scytodes longipes,-98.161436,19.119271,GBIF,4138180127,MX,1,726.0,CONTINENT_DERIVED_FROM_COORDINATES;COORDINATE_ROUNDED;TAXON_ID_NOT_FOUND
Scytodes longipes,-84.158767,10.16175,GBIF,4976243821;4976589413;4976623314,CR,3,60.0;65.0;65.0,CONTINENT_DERIVED_FROM_COORDINATES;TAXON_ID_NOT_FOUND
Scytodes longipes,-83.737225,9.962579,GBIF,4976490522,CR,1,15.0,CONTINENT_DERIVED_FROM_COORDINATES;COORDINATE_ROUNDED;TAXON_ID_NOT_FOUND
Scytodes longipes,-77.133571,-12.079781,GBIF,3784888400,PE,1,31104.0,CONTINENT_DERIVED_FROM_COORDINATES;COORDINATE_ROUNDED;TAXON_ID_NOT_FOUND
Scytodes longipes,-83.007019,22.79157,GBIF,4022150583,CU,1,unknown,CONTINENT_DERIVED_FROM_COORDINATES;COORDINATE_ROUNDED;TAXON_ID_NOT_FOUND
Scytodes longipes,122.049458,10.787503,GBIF,4029129332,PH,1,16.0,CONTINENT_DERIVED_FROM_COORDINATES;COORDINATE_ROUNDED;TAXON_ID_NOT_FOUND
Scytodes longipes,-73.101775,7.05087,GBIF,3802314558,CO,1,9.0,CONTINENT_DERIVED_FROM_COORDINATES;COORDINATE_ROUNDED;TAXON_ID_NOT_FOUND
Scytodes longipes,-75.657703,4.67472,GBIF,3888873180,CO,1,1195.0,CONTINENT_DERIVED_FROM_COORDINATES;COORDINATE_ROUNDED;TAXON_ID_NOT_FOUND
Scytodes longipes,-156.393919,20.91345,GBIF,4153789358,US,1,unknown,CONTINENT_DERIVED_FROM_COORDINATES;COORDINATE_ROUNDED;TAXON_ID_NOT_FOUND
Scytodes longipes,-74.386429,4.407095,GBIF,4165410382,CO,1,unknown,CONTINENT_DERIVED_FROM_COORDINATES;COORDINATE_ROUNDED;TAXON_ID_NOT_FOUND
Scytodes longipes,-162.077023,5.87448,GBIF,3902619997,UM,1,45.0,CONTINENT_DERIVED_FROM_COORDINATES;COORDINATE_ROUNDED;TAXON_ID_NOT_FOUND
Scytodes longipes,-98.168307,19.0413,GBIF,3335091285,MX,1,unknown,CONTINENT_DERIVED_FROM_COORDINATES;COORDINATE_ROUNDED;TAXON_ID_NOT_FOUND
Scytodes longipes,-162.092126,5.890361,GBIF,3902101136,UM,1,52.0,CONTINENT_DERIVED_FROM_COORDINATES;COORDINATE_ROUNDED;TAXON_ID_NOT_FOUND
Scytodes longipes,110.450682,-7.641636,GBIF,4067209514,ID,1,unknown,CONTINENT_DERIVED_FROM_COORDINATES;COORDINATE_ROUNDED;TAXON_ID_NOT_FOUND
Scytodes longipes,-83.395299,22.662781,GBIF,3456375301,CU,1,756.0,CONTINENT_DERIVED_FROM_COORDINATES;COORDINATE_ROUNDED;TAXON_ID_NOT_FOUND
Scytodes longipes,110.297033,-7.735565,GBIF,2813926906,ID,1,122.0,CONTINENT_DERIVED_FROM_COORDINATES;COORDINATE_ROUNDED;TAXON_ID_NOT_FOUND
Scytodes longipes,110.540497,-7.841174,GBIF,4976662978,ID,1,325.0,CONTINENT_DERIVED_FROM_COORDINATES;COORDINATE_ROUNDED;TAXON_ID_NOT_FOUND
Scytodes longipes,-87.000943,14.006967,GBIF,3327787377,HN,1,4.0,CONTINENT_DERIVED_FROM_COORDINATES;COORDINATE_ROUNDED;TAXON_ID_NOT_FOUND
Scytodes longipes,-99.114575,19.316347,GBIF,3399114511,MX,1,unknown,CONTINENT_DERIVED_FROM_COORDINATES;COORDINATE_ROUNDED;TAXON_ID_NOT_FOUND
Scytodes longipes,-77.815666,-0.994048,GBIF,2242786136,EC,1,unknown,CONTINENT_DERIVED_FROM_COORDINATES;COORDINATE_ROUNDED;TAXON_ID_NOT_FOUND
Scytodes longipes,-75.130613,19.922345,GBIF,2397555865,CU,1,4.0,CONTINENT_DERIVED_FROM_COORDINATES;COORDINATE_ROUNDED;TAXON_ID_NOT_FOUND
Scytodes longipes,-82.042144,23.016956,GBIF,4028809768,CU,1,1323.0,CONTINENT_DERIVED_FROM_COORDINATES;COORDINATE_ROUNDED;TAXON_ID_NOT_FOUND
Scytodes longipes,167.93373,-21.46372,GBIF,4148399672,NC,1,unknown,CONTINENT_DERIVED_FROM_COORDINATES;COUNTRY_MISMATCH;FOOTPRINT_WKT_MISMATCH;TAXON_ID_NOT_FOUND
Scytodes longipes,-155.973101,19.611846,GBIF,4028677323,US,1,4.0,CONTINENT_DERIVED_FROM_COORDINATES;COORDINATE_ROUNDED;TAXON_ID_NOT_FOUND
Scytodes longipes,-71.923515,-13.502845,GBIF,2632932294,PE,1,unknown,CONTINENT_DERIVED_FROM_COORDINATES;GEODETIC_DATUM_ASSUMED_WGS84;INSTITUTION_MATCH_NONE;TAXON_CONCEPT_ID_NOT_FOUND;TAXON_ID_NOT_FOUND
Scytodes longipes,-100.777947,20.899875,GBIF,1586938819;1586938892,MX,2,unknown;unknown,CONTINENT_DERIVED_FROM_COORDINATES;COORDINATE_ROUNDED;TAXON_ID_NOT_FOUND
Scytodes longipes,-90.316391,-0.740278,GBIF,1640084696,EC,1,unknown,CONTINENT_DERIVED_FROM_COORDINATES;COORDINATE_ROUNDED;TAXON_ID_NOT_FOUND
Scytodes longipes,-60.929372,-2.633468,GBIF,5827454162,BR,1,408.0,CONTINENT_DERIVED_FROM_COORDINATES;COORDINATE_ROUNDED;TAXON_ID_NOT_FOUND
Scytodes longipes,-99.093053,19.80393,GBIF,1098915459;1099964980,MX,2,4492.0;4492.0,CONTINENT_DERIVED_FROM_COORDINATES;TAXON_ID_NOT_FOUND
Scytodes longipes,144.76954,13.314035,GBIF,4946265521,GU,1,unknown,CONTINENT_DERIVED_FROM_COORDINATES;TAXON_ID_NOT_FOUND
Scytodes longipes,-158.04,21.6748,GBIF,1414114093;1414114145;1414114153,US,3,unknown;unknown;unknown,COLLECTION_MATCH_NONE;CONTINENT_DERIVED_FROM_COORDINATES;GEODETIC_DATUM_ASSUMED_WGS84;INSTITUTION_MATCH_FUZZY;TAXON_CONCEPT_ID_NOT_FOUND;TAXON_ID_NOT_FOUND
Scytodes longipes,-86.040327,13.24046,GBIF,1300060769,NI,1,unknown,COLLECTION_MATCH_NONE;GEODETIC_DATUM_ASSUMED_WGS84;IDENTIFIED_DATE_INVALID;INSTITUTION_MATCH_FUZZY;OCCURRENCE_STATUS_INFERRED_FROM_INDIVIDUAL_COUNT;TAXON_ID_NOT_FOUND
Scytodes longipes,-85.910801,13.000261,GBIF,1449746525,NI,1,unknown,COLLECTION_MATCH_NONE;GEODETIC_DATUM_ASSUMED_WGS84;IDENTIFIED_DATE_INVALID;INSTITUTION_MATCH_FUZZY;OCCURRENCE_STATUS_INFERRED_FROM_INDIVIDUAL_COUNT;TAXON_ID_NOT_FOUND
Scytodes longipes,-83.7016,22.6571,GBIF,6191100685,CU,1,unknown,CONTINENT_DERIVED_FROM_COORDINATES;GEODETIC_DATUM_ASSUMED_WGS84;TAXON_CONCEPT_ID_NOT_FOUND;TAXON_ID_NOT_FOUND
Scytodes longipes,-85.953633,11.708883,GBIF,1449746723;1449746727;1449746737;1449746762;1449746790;1449746799,NI,6,unknown;unknown;unknown;unknown;unknown;unknown,COLLECTION_MATCH_NONE;GEODETIC_DATUM_ASSUMED_WGS84;IDENTIFIED_DATE_INVALID;INSTITUTION_MATCH_FUZZY;OCCURRENCE_STATUS_INFERRED_FROM_INDIVIDUAL_COUNT;TAXON_ID_NOT_FOUND
Scytodes longipes,-90.82436,16.68758,GBIF,4169179867;4169218031;4169223440,MX,3,90.0;90.0;90.0,OCCURRENCE_STATUS_INFERRED_FROM_INDIVIDUAL_COUNT;RECORDED_DATE_INVALID;SCIENTIFIC_NAME_ID_NOT_FOUND;TAXON_ID_NOT_FOUND
Scytodes longipes,-99.13,19.39,GBIF,46448718;4169090498,MX,2,unknown;80.0,BASIS_OF_RECORD_INVALID;CONTINENT_DERIVED_FROM_COORDINATES;GEODETIC_DATUM_ASSUMED_WGS84;IDENTIFIED_DATE_INVALID;OCCURRENCE_STATUS_INFERRED_FROM_INDIVIDUAL_COUNT;SCIENTIFIC_NAME_ID_NOT_FOUND;TAXON_ID_NOT_FOUND
Scytodes longipes,-99.07,19.35,GBIF,46448721;46448722;46448756;46448757;46448717;46448750;46448766;46448725;46448767;46448726;46448727;46448735;46448764;46448719,MX,14,unknown;unknown;unknown;unknown;unknown;unknown;unknown;unknown;unknown;unknown;unknown;unknown;unknown;unknown,BASIS_OF_RECORD_INVALID;CONTINENT_DERIVED_FROM_COORDINATES;GEODETIC_DATUM_ASSUMED_WGS84;IDENTIFIED_DATE_INVALID
Scytodes longipes,-99.207236,19.401837,GBIF,4169209348;4169065978;4169208118;4169219367;4169115451;4169195877;4169217767;4169078939;4169104237;4169039540;4169168184;4168952175;4169124898;4168988084,MX,14,55.15;55.15;55.15;55.15;55.15;55.15;55.15;55.15;55.15;55.15;55.15;55.15;55.15;55.15,COORDINATE_ROUNDED;OCCURRENCE_STATUS_INFERRED_FROM_INDIVIDUAL_COUNT;RECORDED_DATE_INVALID;SCIENTIFIC_NAME_ID_NOT_FOUND;TAXON_ID_NOT_FOUND
Scytodes longipes,-99.14,19.48,GBIF,46448744;4169183722;46448729;46448755;46448771;4169051830;4169104097;4169197611;46448732;46448746;46448768;4169173819;4169198034;4169225723;46448731;46448747;46448748;4169164070;4169182222;4169192078;46448769;46448770;46448772;4168964126;4169078812;4169204112;46448749;4169205493;46448733;4169197433;46448728;4169202209,MX,32,unknown;80.0;unknown;unknown;unknown;80.0;80.0;80.0;unknown;unknown;unknown;80.0;80.0;80.0;unknown;unknown;unknown;80.0;80.0;80.0;unknown;unknown;unknown;80.0;80.0;80.0;unknown;80.0;unknown;80.0;unknown;80.0,BASIS_OF_RECORD_INVALID;CONTINENT_DERIVED_FROM_COORDINATES;GEODETIC_DATUM_ASSUMED_WGS84;IDENTIFIED_DATE_INVALID;OCCURRENCE_STATUS_INFERRED_FROM_INDIVIDUAL_COUNT;RECORDED_DATE_INVALID;SCIENTIFIC_NAME_ID_NOT_FOUND;TAXON_ID_NOT_FOUND
Scytodes longipes,-99.14,19.41,GBIF,46448753;4169181802,MX,2,unknown;80.0,BASIS_OF_RECORD_INVALID;CONTINENT_DERIVED_FROM_COORDINATES;GEODETIC_DATUM_ASSUMED_WGS84;IDENTIFIED_DATE_INVALID;OCCURRENCE_STATUS_INFERRED_FROM_INDIVIDUAL_COUNT;SCIENTIFIC_NAME_ID_NOT_FOUND;TAXON_ID_NOT_FOUND
Scytodes longipes,-99.15,19.33,GBIF,46448754;4169189500,MX,2,unknown;80.0,BASIS_OF_RECORD_INVALID;CONTINENT_DERIVED_FROM_COORDINATES;GEODETIC_DATUM_ASSUMED_WGS84;IDENTIFIED_DATE_INVALID;OCCURRENCE_STATUS_INFERRED_FROM_INDIVIDUAL_COUNT;RECORDED_DATE_INVALID;SCIENTIFIC_NAME_ID_NOT_FOUND;TAXON_ID_NOT_FOUND
Scytodes longipes,-99.06,19.68,GBIF,46448743;46448724,MX,2,unknown;unknown,BASIS_OF_RECORD_INVALID;CONTINENT_DERIVED_FROM_COORDINATES;GEODETIC_DATUM_ASSUMED_WGS84;IDENTIFIED_DATE_INVALID
Scytodes longipes,-99.2,19.37,GBIF,46448741;4169150718;46448742;4169187532;46448720;4169215746;46448736;4169001475;46448723;4169197444;46448737;4169124561,MX,12,unknown;80.0;unknown;80.0;unknown;80.0;unknown;80.0;unknown;80.0;unknown;80.0,BASIS_OF_RECORD_INVALID;CONTINENT_DERIVED_FROM_COORDINATES;GEODETIC_DATUM_ASSUMED_WGS84;IDENTIFIED_DATE_INVALID;OCCURRENCE_STATUS_INFERRED_FROM_INDIVIDUAL_COUNT;RECORDED_DATE_INVALID;SCIENTIFIC_NAME_ID_NOT_FOUND;TAXON_ID_NOT_FOUND
Scytodes longipes,-99.18,19.52,GBIF,46448738;4169125225,MX,2,unknown;80.0,BASIS_OF_RECORD_INVALID;CONTINENT_DERIVED_FROM_COORDINATES;GEODETIC_DATUM_ASSUMED_WGS84;IDENTIFIED_DATE_INVALID;OCCURRENCE_STATUS_INFERRED_FROM_INDIVIDUAL_COUNT;RECORDED_DATE_INVALID;SCIENTIFIC_NAME_ID_NOT_FOUND;TAXON_ID_NOT_FOUND
Scytodes longipes,-99.16,19.32,GBIF,46448739;46448763;4169039563;4169203556;46448765;4169103717,MX,6,unknown;unknown;80.0;80.0;unknown;80.0,BASIS_OF_RECORD_INVALID;CONTINENT_DERIVED_FROM_COORDINATES;GEODETIC_DATUM_ASSUMED_WGS84;IDENTIFIED_DATE_INVALID;OCCURRENCE_STATUS_INFERRED_FROM_INDIVIDUAL_COUNT;RECORDED_DATE_INVALID;SCIENTIFIC_NAME_ID_NOT_FOUND;TAXON_ID_NOT_FOUND
Scytodes longipes,-61.233333,10.65,GBIF,1803621124;1803621201;1803623379,TT,3,unknown;unknown;unknown,GEODETIC_DATUM_ASSUMED_WGS84;INSTITUTION_MATCH_FUZZY;OCCURRENCE_STATUS_INFERRED_FROM_INDIVIDUAL_COUNT;TAXON_ID_NOT_FOUND
Scytodes longipes,-61.282276,10.637366,GBIF,3750322414;3750323742,TT,2,unknown;unknown,INSTITUTION_MATCH_FUZZY;OCCURRENCE_STATUS_INFERRED_FROM_INDIVIDUAL_COUNT;TAXON_ID_NOT_FOUND
Scytodes longipes,-61.216667,10.55,GBIF,1803623331,TT,1,unknown,GEODETIC_DATUM_ASSUMED_WGS84;INSTITUTION_MATCH_FUZZY;OCCURRENCE_STATUS_INFERRED_FROM_INDIVIDUAL_COUNT;TAXON_ID_NOT_FOUND
Scytodes longipes,105.666664,-10.5,GBIF,2446168438;2446267992,CX,2,10000.0;10000.0,COLLECTION_MATCH_FUZZY;CONTINENT_DERIVED_FROM_COORDINATES;COUNTRY_DERIVED_FROM_COORDINATES;INSTITUTION_MATCH_FUZZY;TAXON_CONCEPT_ID_NOT_FOUND
Scytodes longipes,-85.97831,11.83446,GBIF,477947022,NI,1,301.0,COLLECTION_MATCH_FUZZY;INSTITUTION_MATCH_FUZZY
Scytodes longipes,-83.940024,10.164249,GBIF,1253977007,CR,1,unknown,CONTINENT_DERIVED_FROM_COORDINATES;CONTINENT_INVALID;COORDINATE_ROUNDED;IDENTIFIED_DATE_INVALID;INSTITUTION_COLLECTION_MISMATCH;INSTITUTION_MATCH_FUZZY;TAXON_ID_NOT_FOUND
Scytodes longipes,-84.094391,9.973625,GBIF,1253976677;1253976679;1253976684;1253976673,CR,4,unknown;unknown;unknown;unknown,CONTINENT_DERIVED_FROM_COORDINATES;CONTINENT_INVALID;COORDINATE_ROUNDED;IDENTIFIED_DATE_INVALID;INSTITUTION_COLLECTION_MISMATCH;INSTITUTION_MATCH_FUZZY;TAXON_ID_NOT_FOUND
Scytodes longipes,-85.495244,10.962542,GBIF,1253976920,CR,1,unknown,CONTINENT_DERIVED_FROM_COORDINATES;CONTINENT_INVALID;COORDINATE_ROUNDED;IDENTIFIED_DATE_INVALID;INSTITUTION_COLLECTION_MISMATCH;INSTITUTION_MATCH_FUZZY;TAXON_ID_NOT_FOUND
Scytodes longipes,-85.49889,10.958912,GBIF,1253976891,CR,1,unknown,CONTINENT_DERIVED_FROM_COORDINATES;CONTINENT_INVALID;COORDINATE_ROUNDED;IDENTIFIED_DATE_INVALID;INSTITUTION_COLLECTION_MISMATCH;INSTITUTION_MATCH_FUZZY;TAXON_ID_NOT_FOUND
Scytodes longipes,-84.153652,10.006214,GBIF,1253976530;1253976690,CR,2,unknown;unknown,CONTINENT_DERIVED_FROM_COORDINATES;CONTINENT_INVALID;COORDINATE_ROUNDED;IDENTIFIED_DATE_INVALID;INSTITUTION_COLLECTION_MISMATCH;INSTITUTION_MATCH_FUZZY;TAXON_ID_NOT_FOUND
Scytodes longipes,-82.962695,9.025664,GBIF,1253977090,CR,1,unknown,CONTINENT_DERIVED_FROM_COORDINATES;CONTINENT_INVALID;COORDINATE_ROUNDED;IDENTIFIED_DATE_INVALID;INSTITUTION_COLLECTION_MISMATCH;INSTITUTION_MATCH_FUZZY;TAXON_ID_NOT_FOUND
Scytodes longipes,-85.62648,10.839982,GBIF,1253976600;1253976716,CR,2,unknown;unknown,CONTINENT_DERIVED_FROM_COORDINATES;CONTINENT_INVALID;COORDINATE_ROUNDED;IDENTIFIED_DATE_INVALID;INSTITUTION_COLLECTION_MISMATCH;INSTITUTION_MATCH_FUZZY;TAXON_ID_NOT_FOUND
Scytodes longipes,-85.615491,10.83641,GBIF,1253976676;1253976699;1253976717,CR,3,unknown;unknown;unknown,CONTINENT_DERIVED_FROM_COORDINATES;CONTINENT_INVALID;COORDINATE_ROUNDED;IDENTIFIED_DATE_INVALID;INSTITUTION_COLLECTION_MISMATCH;INSTITUTION_MATCH_FUZZY;TAXON_ID_NOT_FOUND
Scytodes longipes,-85.429477,10.992609,GBIF,1253976718,CR,1,unknown,CONTINENT_DERIVED_FROM_COORDINATES;CONTINENT_INVALID;COORDINATE_ROUNDED;IDENTIFIED_DATE_INVALID;INSTITUTION_COLLECTION_MISMATCH;INSTITUTION_MATCH_FUZZY;TAXON_ID_NOT_FOUND
Scytodes longipes,-84.1399,9.91887,GBIF,477906258,CR,1,11920.0,COLLECTION_MATCH_FUZZY;INSTITUTION_MATCH_FUZZY
Scytodes longipes,-99.21,19.29,GBIF,46448759;4169198245;46448761;46448762;4169150315;4169167513,MX,6,unknown;80.0;unknown;unknown;80.0;80.0,BASIS_OF_RECORD_INVALID;CONTINENT_DERIVED_FROM_COORDINATES;GEODETIC_DATUM_ASSUMED_WGS84;IDENTIFIED_DATE_INVALID;OCCURRENCE_STATUS_INFERRED_FROM_INDIVIDUAL_COUNT;SCIENTIFIC_NAME_ID_NOT_FOUND;TAXON_ID_NOT_FOUND
Scytodes longipes,-84.00678,10.45491,GBIF,477983492;477983493,CR,2,3036.0;3036.0,COLLECTION_MATCH_FUZZY;INSTITUTION_MATCH_FUZZY
Scytodes longipes,-77.75,-9.5,GBIF,477988119,PE,1,301.0,COLLECTION_MATCH_FUZZY;INSTITUTION_MATCH_FUZZY
Scytodes longipes,-83.94507,9.55022,GBIF,477983487,CR,1,74456.0,COLLECTION_MATCH_FUZZY;INSTITUTION_MATCH_FUZZY
Scytodes longipes,-83.98881,9.98877,GBIF,477978875,CR,1,3036.0,COLLECTION_MATCH_FUZZY;INSTITUTION_MATCH_FUZZY
Scytodes longipes,-84.0,10.0,GBIF,477983489,CR,1,248375.0,COLLECTION_MATCH_FUZZY;INSTITUTION_MATCH_FUZZY
Scytodes longipes,-89.20305,13.72,GBIF,1253409437;1253409439;1253409454;1253409444;1253409446,SV,5,unknown;unknown;unknown;unknown;unknown,COLLECTION_MATCH_NONE;CONTINENT_DERIVED_FROM_COORDINATES;GEODETIC_DATUM_ASSUMED_WGS84;INSTITUTION_MATCH_FUZZY
Scytodes longipes,-89.173333,14.319167,GBIF,1253409450,SV,1,unknown,COLLECTION_MATCH_NONE;CONTINENT_DERIVED_FROM_COORDINATES;COORDINATE_ROUNDED;GEODETIC_DATUM_ASSUMED_WGS84;INSTITUTION_MATCH_FUZZY
Scytodes longipes,-89.571667,14.023883,GBIF,1253409431;1253409434,SV,2,unknown;unknown,COLLECTION_MATCH_NONE;CONTINENT_DERIVED_FROM_COORDINATES;COORDINATE_ROUNDED;GEODETIC_DATUM_ASSUMED_WGS84;INSTITUTION_MATCH_FUZZY
Scytodes longipes,-89.2,13.716667,GBIF,1253409449,SV,1,unknown,COLLECTION_MATCH_NONE;CONTINENT_DERIVED_FROM_COORDINATES;COORDINATE_ROUNDED;GEODETIC_DATUM_ASSUMED_WGS84;INSTITUTION_MATCH_FUZZY;PRESUMED_NEGATED_LONGITUDE
Scytodes longipes,-89.29,13.66805,GBIF,1253409433,SV,1,unknown,COLLECTION_MATCH_NONE;CONTINENT_DERIVED_FROM_COORDINATES;GEODETIC_DATUM_ASSUMED_WGS84;INSTITUTION_MATCH_FUZZY
Scytodes longipes,-88.838617,13.611117,GBIF,1253409447,SV,1,unknown,COLLECTION_MATCH_NONE;CONTINENT_DERIVED_FROM_COORDINATES;COORDINATE_ROUNDED;GEODETIC_DATUM_ASSUMED_WGS84;INSTITUTION_MATCH_FUZZY
Scytodes longipes,-89.282783,13.703617,GBIF,1253409432,SV,1,unknown,COLLECTION_MATCH_NONE;CONTINENT_DERIVED_FROM_COORDINATES;COORDINATE_ROUNDED;GEODETIC_DATUM_ASSUMED_WGS84;INSTITUTION_MATCH_FUZZY
Scytodes longipes,18.31667,0.05,GBIF,5841958756,CD,1,unknown,CONTINENT_DERIVED_FROM_COORDINATES;GEODETIC_DATUM_ASSUMED_WGS84
Scytodes longipes,23.76667,-3.38333,GBIF,5842069041,CD,1,unknown,CONTINENT_DERIVED_FROM_COORDINATES;GEODETIC_DATUM_ASSUMED_WGS84
Scytodes longipes,-87.4549,15.73961,GBIF,477983490;477983491,HN,2,4320.0;4320.0,COLLECTION_MATCH_FUZZY;INSTITUTION_MATCH_FUZZY
Scytodes longipes,-87.45,15.78333,GBIF,477984762,HN,1,3036.0,COLLECTION_MATCH_FUZZY;INSTITUTION_MATCH_FUZZY
Scytodes longipes,22.41667,-5.9,GBIF,5841996436,CD,1,unknown,CONTINENT_DERIVED_FROM_COORDINATES;GEODETIC_DATUM_ASSUMED_WGS84
Scytodes longipes,15.31667,-4.31667,GBIF,5842008468,CD,1,unknown,CONTINENT_DERIVED_FROM_COORDINATES;GEODETIC_DATUM_ASSUMED_WGS84
Scytodes longipes,13.05,-5.85,GBIF,5842020699,CD,1,unknown,CONTINENT_DERIVED_FROM_COORDINATES;GEODETIC_DATUM_ASSUMED_WGS84
Scytodes longipes,101.6936,3.1525,GBIF,4857492424,MY,1,unknown,CONTINENT_DERIVED_FROM_COORDINATES;GEODETIC_DATUM_ASSUMED_WGS84;INSTITUTION_MATCH_NONE;OCCURRENCE_STATUS_INFERRED_FROM_INDIVIDUAL_COUNT
Scytodes longipes,145.74226,-5.44566,GBIF,4857497419,PG,1,unknown,CONTINENT_DERIVED_FROM_COORDINATES;GEODETIC_DATUM_ASSUMED_WGS84;INSTITUTION_MATCH_NONE;OCCURRENCE_STATUS_INFERRED_FROM_INDIVIDUAL_COUNT
Scytodes longipes,-84.0,9.66667,GBIF,477906880,CR,1,76072.0,COLLECTION_MATCH_FUZZY;INSTITUTION_MATCH_FUZZY
Scytodes longipes,-55.0,-10.0,GBIF,477907709,BR,1,301.0,COLLECTION_MATCH_FUZZY;INSTITUTION_MATCH_FUZZY
Scytodes longipes,-87.05027,12.46934,GBIF,477983488;477983570,NI,2,3036.0;3036.0,COLLECTION_MATCH_FUZZY;INSTITUTION_MATCH_FUZZY
Scytodes longipes,-79.26,-6.96,GBIF,477984246,PE,1,115000.0,COLLECTION_MATCH_FUZZY;GEODETIC_DATUM_ASSUMED_WGS84;GEODETIC_DATUM_INVALID;INSTITUTION_MATCH_FUZZY;RECORDED_DATE_MISMATCH
Scytodes longipes,-80.0,8.0,GBIF,477988056,PA,1,329973.0,COLLECTION_MATCH_FUZZY;INDIVIDUAL_COUNT_CONFLICTS_WITH_OCCURRENCE_STATUS;INSTITUTION_MATCH_FUZZY
Scytodes longipes,-72.0,4.0,GBIF,477988117,CO,1,938933.0,COLLECTION_MATCH_FUZZY;INDIVIDUAL_COUNT_CONFLICTS_WITH_OCCURRENCE_STATUS;INSTITUTION_MATCH_FUZZY
Scytodes longipes,146.01666,-17.5,GBIF,1100121167,AU,1,unknown,COLLECTION_MATCH_FUZZY;CONTINENT_DERIVED_FROM_COORDINATES;INSTITUTION_MATCH_FUZZY;TAXON_CONCEPT_ID_NOT_FOUND
Scytodes longipes,-76.622783,2.4575,GBIF,1253409435,CO,1,unknown,COLLECTION_MATCH_NONE;CONTINENT_DERIVED_FROM_COORDINATES;COORDINATE_ROUNDED;GEODETIC_DATUM_ASSUMED_WGS84;INSTITUTION_MATCH_FUZZY;PRESUMED_NEGATED_LONGITUDE
Scytodes longipes,-77.616722,-1.065972,GBIF,1575903654,EC,1,20.36,COLLECTION_MATCH_NONE;COORDINATE_ROUNDED;INSTITUTION_MATCH_FUZZY
Scytodes longipes,164.81667,-20.566668,GBIF,2446211546,NC,1,unknown,COLLECTION_MATCH_FUZZY;CONTINENT_DERIVED_FROM_COORDINATES;INSTITUTION_MATCH_FUZZY;TAXON_CONCEPT_ID_NOT_FOUND
Scytodes longipes,166.5,-22.183332,GBIF,2446212706,NC,1,unknown,COLLECTION_MATCH_FUZZY;CONTINENT_DERIVED_FROM_COORDINATES;INSTITUTION_MATCH_FUZZY;TAXON_CONCEPT_ID_NOT_FOUND
Scytodes longipes,166.43333,-22.266666,GBIF,2973667834,NC,1,10000.0,COLLECTION_MATCH_FUZZY;CONTINENT_DERIVED_FROM_COORDINATES;INSTITUTION_MATCH_FUZZY;TAXON_CONCEPT_ID_NOT_FOUND
Scytodes longipes,-53.23477,3.92404,GBIF,3846923425;3935063945,GF,2,201367.0;201367.0,CONTINENT_DERIVED_FROM_COORDINATES;COUNTRY_MISMATCH;TAXON_ID_NOT_FOUND
Scytodes longipes,-63.20893,18.03505,GBIF,3847035613;3935080539,MF,2,47299.0;47299.0,COUNTRY_MISMATCH;TAXON_ID_NOT_FOUND
Scytodes longipes,-53.24036,3.91451,GBIF,4547746625,GF,1,201286.0,CONTINENT_DERIVED_FROM_COORDINATES;COUNTRY_MISMATCH;TAXON_ID_NOT_FOUND
Scytodes longipes,-63.06085,18.07928,GBIF,4547997741,MF,1,9672.0,CONTINENT_DERIVED_FROM_COORDINATES;COUNTRY_MISMATCH;TAXON_ID_NOT_FOUND
Scytodes longipes,-64.95,-34.96,GBIF,4857497410,AR,1,unknown,CONTINENT_DERIVED_FROM_COORDINATES;GEODETIC_DATUM_ASSUMED_WGS84;INSTITUTION_MATCH_NONE;OCCURRENCE_STATUS_INFERRED_FROM_INDIVIDUAL_COUNT
Scytodes longipes,106.7953,-6.595,GBIF,4857497411;4857640822,ID,2,unknown;unknown,CONTINENT_DERIVED_FROM_COORDINATES;GEODETIC_DATUM_ASSUMED_WGS84;INSTITUTION_MATCH_NONE;OCCURRENCE_STATUS_INFERRED_FROM_INDIVIDUAL_COUNT
Scytodes longipes,-66.16,8.016,GBIF,4857497417,VE,1,unknown,CONTINENT_DERIVED_FROM_COORDINATES;GEODETIC_DATUM_ASSUMED_WGS84;INSTITUTION_MATCH_NONE;OCCURRENCE_STATUS_INFERRED_FROM_INDIVIDUAL_COUNT
Scytodes longipes,106.187,-6.6687,GBIF,4857497424,ID,1,unknown,CONTINENT_DERIVED_FROM_COORDINATES;GEODETIC_DATUM_ASSUMED_WGS84;INSTITUTION_MATCH_NONE;OCCURRENCE_STATUS_INFERRED_FROM_INDIVIDUAL_COUNT
Scytodes longipes,144.229,-5.682,GBIF,4857637565,PG,1,unknown,CONTINENT_DERIVED_FROM_COORDINATES;GEODETIC_DATUM_ASSUMED_WGS84;INSTITUTION_MATCH_NONE;OCCURRENCE_STATUS_INFERRED_FROM_INDIVIDUAL_COUNT
Scytodes longipes,-84.078,9.958,GBIF,4857637573,CR,1,unknown,CONTINENT_DERIVED_FROM_COORDINATES;GEODETIC_DATUM_ASSUMED_WGS84;INSTITUTION_MATCH_NONE;OCCURRENCE_STATUS_INFERRED_FROM_INDIVIDUAL_COUNT
Scytodes longipes,109.1533,-6.9878,GBIF,4857637581,ID,1,unknown,CONTINENT_DERIVED_FROM_COORDINATES;GEODETIC_DATUM_ASSUMED_WGS84;INSTITUTION_MATCH_NONE;OCCURRENCE_STATUS_INFERRED_FROM_INDIVIDUAL_COUNT
Scytodes longipes,-83.73834,22.62109,GBIF,4913180438,CU,1,unknown,COLLECTION_MATCH_NONE;CONTINENT_DERIVED_FROM_COORDINATES;GEODETIC_DATUM_ASSUMED_WGS84;INSTITUTION_MATCH_FUZZY
Scytodes longipes,-83.69967,22.65364,GBIF,4916440192;4916535044;4916650652;4916655630,CU,4,unknown;unknown;unknown;unknown,COLLECTION_MATCH_NONE;CONTINENT_DERIVED_FROM_COORDINATES;GEODETIC_DATUM_ASSUMED_WGS84;INSTITUTION_MATCH_FUZZY;INSTITUTION_MATCH_NONE
Scytodes longipes,20.86667,-0.21667,GBIF,5841962473,CD,1,unknown,CONTINENT_DERIVED_FROM_COORDINATES;GEODETIC_DATUM_ASSUMED_WGS84;RECORDED_DATE_INVALID
Scytodes longipes,13.46667,-5.81667,GBIF,5842076957,CD,1,unknown,CONTINENT_DERIVED_FROM_COORDINATES;GEODETIC_DATUM_ASSUMED_WGS84
Scytodes longipes,-71.575,18.317,GBIF,6158971313;6158971510,DO,2,unknown;unknown,CONTINENT_DERIVED_FROM_COORDINATES;COUNTRY_DERIVED_FROM_COORDINATES;GEODETIC_DATUM_ASSUMED_WGS84;OCCURRENCE_STATUS_INFERRED_FROM_INDIVIDUAL_COUNT;TAXON_ID_NOT_FOUND
Scytodes longipes,-83.7383,22.621,GBIF,6158971329,CU,1,unknown,CONTINENT_DERIVED_FROM_COORDINATES;COUNTRY_DERIVED_FROM_COORDINATES;GEODETIC_DATUM_ASSUMED_WGS84;OCCURRENCE_STATUS_INFERRED_FROM_INDIVIDUAL_COUNT;TAXON_ID_NOT_FOUND
Scytodes longipes,-66.5238,18.329,GBIF,6158971340,PR,1,unknown,CONTINENT_DERIVED_FROM_COORDINATES;COUNTRY_DERIVED_FROM_COORDINATES;GEODETIC_DATUM_ASSUMED_WGS84;OCCURRENCE_STATUS_INFERRED_FROM_INDIVIDUAL_COUNT;TAXON_ID_NOT_FOUND
Scytodes longipes,-63.1371,18.0633,GBIF,6158971363,MF,1,unknown,CONTINENT_DERIVED_FROM_COORDINATES;COUNTRY_DERIVED_FROM_COORDINATES;GEODETIC_DATUM_ASSUMED_WGS84;OCCURRENCE_STATUS_INFERRED_FROM_INDIVIDUAL_COUNT;TAXON_ID_NOT_FOUND
Scytodes longipes,-61.4461,12.5144,GBIF,6158971373,GD,1,unknown,CONTINENT_DERIVED_FROM_COORDINATES;COUNTRY_DERIVED_FROM_COORDINATES;GEODETIC_DATUM_ASSUMED_WGS84;OCCURRENCE_STATUS_INFERRED_FROM_INDIVIDUAL_COUNT;TAXON_ID_NOT_FOUND
Scytodes longipes,-61.4118,15.3802,GBIF,6158971380,DM,1,unknown,CONTINENT_DERIVED_FROM_COORDINATES;COUNTRY_DERIVED_FROM_COORDINATES;GEODETIC_DATUM_ASSUMED_WGS84;OCCURRENCE_STATUS_INFERRED_FROM_INDIVIDUAL_COUNT;TAXON_ID_NOT_FOUND
Scytodes longipes,-61.3828,15.2962,GBIF,6158971428,DM,1,unknown,CONTINENT_DERIVED_FROM_COORDINATES;COUNTRY_DERIVED_FROM_COORDINATES;GEODETIC_DATUM_ASSUMED_WGS84;OCCURRENCE_STATUS_INFERRED_FROM_INDIVIDUAL_COUNT;TAXON_ID_NOT_FOUND
Scytodes longipes,-65.8199,18.3216,GBIF,6158971459,PR,1,unknown,CONTINENT_DERIVED_FROM_COORDINATES;COUNTRY_DERIVED_FROM_COORDINATES;GEODETIC_DATUM_ASSUMED_WGS84;OCCURRENCE_STATUS_INFERRED_FROM_INDIVIDUAL_COUNT;TAXON_ID_NOT_FOUND
Scytodes longipes,-62.7807,17.3131,GBIF,6158971462,KN,1,unknown,CONTINENT_DERIVED_FROM_COORDINATES;COUNTRY_DERIVED_FROM_COORDINATES;GEODETIC_DATUM_ASSUMED_WGS84;OCCURRENCE_STATUS_INFERRED_FROM_INDIVIDUAL_COUNT;TAXON_ID_NOT_FOUND
Scytodes longipes,-77.7882,21.5916,GBIF,6158971491,CU,1,unknown,CONTINENT_DERIVED_FROM_COORDINATES;COUNTRY_DERIVED_FROM_COORDINATES;GEODETIC_DATUM_ASSUMED_WGS84;OCCURRENCE_STATUS_INFERRED_FROM_INDIVIDUAL_COUNT;TAXON_ID_NOT_FOUND
Scytodes longipes,-66.8492,17.9538,GBIF,6158971497,PR,1,unknown,CONTINENT_DERIVED_FROM_COORDINATES;COUNTRY_DERIVED_FROM_COORDINATES;GEODETIC_DATUM_ASSUMED_WGS84;OCCURRENCE_STATUS_INFERRED_FROM_INDIVIDUAL_COUNT;TAXON_ID_NOT_FOUND
Scytodes longipes,-61.2174,14.8392,GBIF,6158971505,MQ,1,unknown,CONTINENT_DERIVED_FROM_COORDINATES;COUNTRY_DERIVED_FROM_COORDINATES;GEODETIC_DATUM_ASSUMED_WGS84;OCCURRENCE_STATUS_INFERRED_FROM_INDIVIDUAL_COUNT;TAXON_ID_NOT_FOUND
Scytodes longipes,-61.2739,12.9918,GBIF,6158971509,VC,1,unknown,CONTINENT_DERIVED_FROM_COORDINATES;COUNTRY_DERIVED_FROM_COORDINATES;GEODETIC_DATUM_ASSUMED_WGS84;OCCURRENCE_STATUS_INFERRED_FROM_INDIVIDUAL_COUNT;TAXON_ID_NOT_FOUND
Scytodes longipes,-61.4654,15.4986,GBIF,6158971512,DM,1,unknown,CONTINENT_DERIVED_FROM_COORDINATES;COUNTRY_DERIVED_FROM_COORDINATES;GEODETIC_DATUM_ASSUMED_WGS84;OCCURRENCE_STATUS_INFERRED_FROM_INDIVIDUAL_COUNT;TAXON_ID_NOT_FOUND
Scytodes longipes,-83.6997,22.6536,GBIF,6158971518,CU,1,unknown,CONTINENT_DERIVED_FROM_COORDINATES;COUNTRY_DERIVED_FROM_COORDINATES;GEODETIC_DATUM_ASSUMED_WGS84;OCCURRENCE_STATUS_INFERRED_FROM_INDIVIDUAL_COUNT;TAXON_ID_NOT_FOUND
Scytodes longipes,-77.563,18.3065,GBIF,6158971531,JM,1,unknown,CONTINENT_DERIVED_FROM_COORDINATES;COUNTRY_DERIVED_FROM_COORDINATES;GEODETIC_DATUM_ASSUMED_WGS84;OCCURRENCE_STATUS_INFERRED_FROM_INDIVIDUAL_COUNT;TAXON_ID_NOT_FOUND
Scytodes longipes,-60.9176,13.8668,GBIF,6158971559,LC,1,unknown,CONTINENT_DERIVED_FROM_COORDINATES;COUNTRY_DERIVED_FROM_COORDINATES;GEODETIC_DATUM_ASSUMED_WGS84;OCCURRENCE_STATUS_INFERRED_FROM_INDIVIDUAL_COUNT;TAXON_ID_NOT_FOUND
Scytodes longipes,-61.1655,13.1447,GBIF,6158971567,VC,1,unknown,CONTINENT_DERIVED_FROM_COORDINATES;COUNTRY_DERIVED_FROM_COORDINATES;GEODETIC_DATUM_ASSUMED_WGS84;OCCURRENCE_STATUS_INFERRED_FROM_INDIVIDUAL_COUNT;TAXON_ID_NOT_FOUND
