record_id,species,stateProvince_original,longitude,latitude,source,countryCode
MS_001,Scytodes fusca,S_fusca,-66.7780,10.4348,Manuscript,
MS_002,Scytodes fusca,Cundinamarca,-74.093,4.663,Manuscript,
MS_003,Scytodes fusca,Cundinamarca,-74.093,4.663,Manuscript,
MS_004,Scytodes fusca,Tolima,-74.886,4.148,Manuscript,
MS_005,Scytodes fusca,Distrito Capital,-66.87919,10.48801,Manuscript,
MS_006,Scytodes fusca,Sucre,-64.18256,10.45397,Manuscript,
MS_007,Scytodes fusca,Cauca,-78.174,2.964,Manuscript,
MS_008,Scytodes fusca,Cundinamarca,-74.463,4.766,Manuscript,
MS_009,Scytodes fusca,Cundinamarca,-74.480,4.185,Manuscript,
MS_010,Scytodes fusca,Cundinamarca,-74.480,4.185,Manuscript,
MS_011,Scytodes fusca,Cundinamarca,-74.480,4.185,Manuscript,
MS_012,Scytodes fusca,Magdalena,-74.08938,11.06377,Manuscript,
MS_013,Scytodes fusca,Magdalena,-73.64868,11.2551,Manuscript,
MS_014,Scytodes fusca,Quindío,-75.6725,4.5388889,Manuscript,
MS_015,Scytodes fusca,Risaralda,-76.128,5.350,Manuscript,
MS_016,Scytodes fusca,Aragua,-67.7461,10.3888,Manuscript,
MS_017,Scytodes fusca,Aragua,-67.611,10.273,Manuscript,
MS_018,Scytodes fusca,Amazonas,-67.7872,4.2716,Manuscript,
MS_019,Scytodes fusca,Amazonas,-66.2955,2.61458,Manuscript,
MS_020,Scytodes fusca,Falcón,-69.9456,11.9026,Manuscript,
