record_id,species,longitude,latitude,countryCode,stateProvince,locality,source,source_reference,gbifID,catalogNumber,coordinateUncertaintyInMeters,source_record_count,review_notes
USER_01,Scytodes panamensis,-66.4692,10.0638,VE,Guarico,,user,panamensis_3_octubre_2026.txt,,,,1,"Identificacion, datum e incertidumbre por documentar. Revisar asignacion Guarico/Miranda; puntos USER_01 y USER_02 separados por 318 m."
USER_02,Scytodes panamensis,-66.4663,10.06396,VE,Miranda,,user,panamensis_3_octubre_2026.txt,,,,1,"Identificacion, datum e incertidumbre por documentar. Revisar asignacion Guarico/Miranda; puntos USER_01 y USER_02 separados por 318 m."
USER_03,Scytodes panamensis,-68.768,10.9053,VE,Falcón,,user,panamensis_3_octubre_2026.txt,,,,1,"Identificacion, datum e incertidumbre por documentar."
USER_04,Scytodes panamensis,-67.4060,10.3723,VE,Aragua,,user,panamensis_3_octubre_2026.txt,,,,1,"Identificacion, datum e incertidumbre por documentar."
USER_05,Scytodes panamensis,-66.8111,10.5012,VE,Miranda,,user,panamensis_3_octubre_2026.txt,,,,1,"Identificacion, datum e incertidumbre por documentar."
USER_06,Scytodes panamensis,-68.6536,10.2987,VE,Guaquira_Yaracuy,,user,panamensis_3_octubre_2026.txt,,,,1,"Identificacion, datum e incertidumbre por documentar."
USER_07,Scytodes panamensis,-75.04277,10.76722,CO,Atlántico,,user,panamensis_3_octubre_2026.txt,,,,1,"Identificacion, datum e incertidumbre por documentar."
USER_08,Scytodes panamensis,-74.14708,11.15221,CO,Magdalena,,user,panamensis_3_octubre_2026.txt,,,,1,"Identificacion, datum e incertidumbre por documentar."
USER_09,Scytodes panamensis,-74.14368,11.15528,CO,Magdalena,,user,panamensis_3_octubre_2026.txt,,,,1,"Identificacion, datum e incertidumbre por documentar."
USER_10,Scytodes panamensis,-74.15894,11.16271,CO,Magdalena,,user,panamensis_3_octubre_2026.txt,,,,1,"Identificacion, datum e incertidumbre por documentar."
USER_11,Scytodes panamensis,-74.091861,11.126427,CO,Magdalena,,user,panamensis_3_octubre_2026.txt,,,,1,"Identificacion, datum e incertidumbre por documentar."
USER_12,Scytodes panamensis,-73.64868,11.2551,CO,Magdalena,,user,panamensis_3_octubre_2026.txt,,,,1,"Identificacion, datum e incertidumbre por documentar."
USER_13,Scytodes panamensis,-73.80589,11.24339,CO,Magdalena,,user,panamensis_3_octubre_2026.txt,,,,1,"Identificacion, datum e incertidumbre por documentar."
GBIF_SITE_01,Scytodes panamensis,-79.91597,9.27086,PA,Canal Zone,Gatun,GBIF,https://api.gbif.org/v1/occurrence/search?taxon_key=5168954&limit=300,477983244,53222,609.0,1,Consulta 2026-10-03. Coordenadas exactas agrupadas; sin filtrado espacial. COLLECTION_MATCH_FUZZY; INSTITUTION_MATCH_FUZZY
GBIF_SITE_02,Scytodes panamensis,-79.95796,9.36575,PA,,Fort Sherman,GBIF,https://api.gbif.org/v1/occurrence/search?taxon_key=5168954&limit=300,477976036;477976037;477976038;477980385,53246;53247;53248;53219,1547.0,4,Consulta 2026-10-03. Coordenadas exactas agrupadas; sin filtrado espacial. COLLECTION_MATCH_FUZZY; INSTITUTION_MATCH_FUZZY
GBIF_SITE_03,Scytodes panamensis,-79.88707,9.38427,PA,Colon,Fort Randolph,GBIF,https://api.gbif.org/v1/occurrence/search?taxon_key=5168954&limit=300,477983243,53220,1025.0,1,Consulta 2026-10-03. Coordenadas exactas agrupadas; sin filtrado espacial. COLLECTION_MATCH_FUZZY; INDIVIDUAL_COUNT_CONFLICTS_WITH_OCCURRENCE_STATUS; INSTITUTION_MATCH_FUZZY
GBIF_SITE_04,Scytodes panamensis,-79.65302,9.54889,PA,Colon,Porto Bello (Portobelo),GBIF,https://api.gbif.org/v1/occurrence/search?taxon_key=5168954&limit=300,477983247;477983330,53225;53231,,2,Consulta 2026-10-03. Coordenadas exactas agrupadas; sin filtrado espacial. COLLECTION_MATCH_FUZZY; GEODETIC_DATUM_ASSUMED_WGS84; GEODETIC_DATUM_INVALID; INDIVIDUAL_COUNT_CONFLICTS_WITH_OCCURRENCE_STATUS; INSTITUTION_MATCH_FUZZY